Content,Video title,Video publish time,Duration,Average view duration,Stayed to watch (%),Average percentage viewed (%),New viewers,Regular viewers,Views,Watch time (hours),Subscribers,Impressions,Impressions click-through rate (%)
Total,,,,0:00:27,78.17,83.65,0,0,34838847,155526.0243,102851,6257163,6.19
BV4cpH3lDt0,Best Makeup 🤣,"Oct 2, 2025",29,0:00:27,100,95.52,,,5,0.0231,0,3,0
0NMT9nrJzuI,Fake family vlogs @souravjvlogs 💀 #roast #shorts,"Apr 26, 2024",43,0:00:43,100,100.46,,,4,0.048,0,6,66.67
9OjZUPHBM9g,kids on instagram 😂 #shorts,"Oct 6, 2024",30,0:00:26,100,88.3,,,6,0.0442,0,0,
QaXodascN24,sorry BTS army 😂 #shorts,"Aug 16, 2024",15,0:00:16,100,106.79,,,5,0.0222,0,0,
kmwKp3a_Sro,easy way to earn money 😂,"Jul 13, 2024",11,0:00:09,100,84.28,,,2,0.0052,0,0,
Jt34Cdtve28,BTS Army VS Indian Hater 😂 #short,"Aug 16, 2024",15,0:00:13,100,91.3,,,6,0.0228,0,0,
lMQoTH_hUTA,Systumm fail Diss-track,"Apr 6, 2024",34,0:00:38,100,111.88,,,2,0.0211,0,0,
yCXXegh7Zsw,reels ki rani 😁#shorts #funny,"Jun 5, 2024",48,0:00:45,100,95.76,,,4,0.0511,0,0,
 -pvZz7Zj4QM,Muskan Karia Roast  💅,"Oct 1, 2025",45,0:00:23,90.91,52.9,,,23,0.1332,0,38,26.32
ZGPkoUok00w,China ka choda 👽,"Apr 14, 2024",41,0:00:37,88.24,92.04,,,15,0.1572,2,15,40
PP7MXNosd8E,Khyati G Sharma Roast,"Apr 28, 2025",62,0:00:26,87.77,43.33,,,7531,45.0237,9,32985,11.47
MNsiPqneemU,Cute Chhaprii 🤣,"Dec 13, 2025",32,0:00:26,87.38,82.12,,,25626,123.4272,82,3649,4.11
95ej3kw2m1I,Biggest Chappri Of World 🤣,"Dec 8, 2025",38,0:00:30,86.57,80.42,,,21256,127.869,36,2965,6
 -Cr2c3tmDdQ,Biggest Chappri Ladkiya 🤣,"Dec 7, 2025",30,0:00:25,86.46,84.25,,,25031,111.6323,41,2767,3.11
CxCuM-dTK10,Kya Aunty Sundar Hai 🤣,"Dec 24, 2025",37,0:00:30,86.39,81.12,,,28906,165.3236,111,8925,1.75
QkNhIPcXd8E,Chapri Salon Wala 🤣,"Dec 9, 2025",28,0:00:23,86.1,84.67,,,25421,104.1192,31,3464,1.7
VIE4vUMOEBY,Power Of Makeup 3 🤣,"Jan 26, 2026",29,0:00:24,85.92,83.43,,,33696,139.9316,24,7481,5.43
leWRMhxlbF8,Puneet Superstar Ka Khana 🤣,"Dec 5, 2025",26,0:00:23,85.1,92.26,,,29270,118.5494,58,4299,3.23
PVEeJUVZ4Bo,Biggest Heart Break 2 🤣,"Dec 11, 2025",37,0:00:31,85.09,84.26,,,26216,143.1122,85,3141,4.2
MItJYqfKcHA,Arush Bhola Vs Arbaaz Patel 🤯,"Sep 12, 2025",37,0:00:30,85,81.69,,,24130,134.1449,12,18757,5.02
b0EW1fPrBbA,Biggest Chapri Bike 🤣,"Nov 17, 2025",31,0:00:26,84.14,84.81,,,29218,125.2458,58,5275,1.95
QApXRSMKU5k,Powerful Shadi Ever 🤣,"Jun 8, 2026",34,0:00:25,83.89,74.21,,,25572,116.6112,321,2261,5.26
gtzETz-F2QQ,Chappri Ka Power 🤣,"Dec 22, 2025",29,0:00:22,83.86,76.35,,,24005,102.1589,144,4311,3.9
-6UJPIo1uW0,Dubai Ka Truck Driver 🤣,"Jan 16, 2026",33,0:00:25,83.85,78.16,,,26606,122.7593,48,6384,3.74
UW5VAQv9cAw,College Ka Pyar 🤣,"Dec 23, 2025",35,0:00:29,83.84,85.63,,,27850,148.7986,79,8757,2.01
zbP7i3VOKHU,Kashish Kapoor Comment On Bappa 😱,"Sep 6, 2025",32,0:00:24,83.7,76.1,,,13566,56.515,22,2798,2.14
F2y-xgtzEHM,Ye Chahta Kya Hai 🤣,"Dec 3, 2025",35,0:00:29,83.38,83.96,,,36822,184.2595,167,3153,4.57
Dwdgbe2F8Xc,Best Tecknologia 🤣,"Oct 28, 2025",36,0:00:23,83.31,65.09,,,17788,75.4461,8,6129,3.07
CF0IlaMebJ0,Ye Nahi Sudhregi 🤣,"Dec 9, 2025",41,0:00:33,83.26,82.64,,,24957,154.2524,37,3054,3.8
aiaxyUtU8q8,Puneet Superstar Is Back 🤣,"Nov 2, 2025",33,0:00:27,83.23,84.57,,,47471,214.3349,119,8235,4.32
Soa0LZNHRx8,toxic husband 🤫 #shorts,"Aug 24, 2024",16,0:00:11,83.1,72.3,,,3835,12.3111,4,804,2.99
j-WqOLvxtxQ,Urfi Devi Ka Comeback 🤣,"Jan 29, 2026",30,0:00:22,83.05,74.86,,,18943,77.1732,25,7843,7.84
wABQetHqJxI,Bhai Behen Ya Couple 🤣,"Dec 12, 2025",32,0:00:28,82.98,87.56,,,28448,130.9192,21,3238,2.47
TMKiYeAa7ro,Best Makeup Transitions 🤣,"Dec 16, 2025",36,0:00:29,82.85,81.93,,,26282,135.3271,43,3887,3.45
d9CL60BTVRI,Biggest Heart Break 🤣,"Dec 10, 2025",36,0:00:30,82.8,85.87,,,32477,166.4728,70,3383,3.52
66VoiD8rDN4,Biggest No 1 Chappri Is Back 🤣,"Dec 2, 2025",34,0:00:29,82.71,87.05,,,29633,152.5383,213,3140,6.69
L1GALfYU1qc,Too Much Attitude 🤣,"May 31, 2026",33,0:00:26,82.63,79.18,,,27747,118.8653,245,3595,2.84
RjJTsjUbvWw,Ajeeb Chapri Hai 🤣,"Dec 2, 2025",32,0:00:25,82.5,79.21,,,28199,126.7478,140,2995,3.11
ovzTHABOIJ0,Power Of Bihari 🤣,"Mar 3, 2026",33,0:00:23,82.43,70.31,,,279579,1210.3488,14103,11460,3.77
IEwxKdRW5J8,Puneet Superstar Ka Breakfast 🤣,"Dec 16, 2025",35,0:00:28,82.4,80.83,,,20759,105.2102,56,5709,3.98
L2JgTHaQHwY,Biggest Chappri Bahu 🤣,"Dec 12, 2025",33,0:00:25,82.39,77.55,,,15737,71.8162,26,3142,2.83
KbjS91adDfc,Dukan Kharid Liya 2 🤣,"Jan 19, 2026",31,0:00:27,82.28,87.54,,,35564,171.6471,73,6774,3.4
s7GwazsGufI,Biwi No 2 🤣,"Nov 26, 2025",24,0:00:20,82.13,84.68,,,29470,96.0587,28,4336,6.9
qsvVRxnjudA,26 January Wala Chappri 🤣,"Jan 24, 2026",36,0:00:26,82.02,72.54,,,12805,60.8062,16,6051,1.17
nG9J76XbKsg,Ye Kya Hua 🤣,"Dec 26, 2025",31,0:00:26,81.99,84.46,,,31490,144.1965,134,9771,1.87
xMkExdozwkM,Biggest Chappri Is Back Pt-2 🤣,"Nov 10, 2025",29,0:00:25,81.95,87.74,,,30628,123.5744,78,4943,5.79
qR0lAqGHoIA,aquaphobia 😂 #shorts,"Dec 29, 2024",45,0:00:30,81.91,68.25,,,10425,88.7648,3,706,1.56
7OB56dzyL1o,Tiktok Ke No 1 Chappri 🤣,"Nov 30, 2025",34,0:00:27,81.76,82.1,,,47083,232.4312,88,4539,5.24
41Ub5jt5Uzc,Hakla Haircut Kara Liya 🤣,"Dec 17, 2025",33,0:00:28,81.71,85.07,,,26691,131.5206,47,7256,5.82
56ec8cpaJrY,Biggest Cringe Pro Max 🤣,"Dec 6, 2025",30,0:00:23,81.51,78.46,,,25421,109.4884,28,2509,3.43
 --p73ZJqqto,Most Beautiful Girl 🤣,"Mar 31, 2026",29,0:00:24,81.5,83.55,,,28003,111.5071,45,5085,8.91
nOOrdyIYsP0,Chappri Handsome Damad 🤣,"Dec 3, 2025",29,0:00:24,81.5,84.59,,,26726,111.8471,25,2531,2.29
CwSSyxjLIgw,Tanya Mittal Reality 🤯,"Sep 15, 2025",40,0:00:28,81.39,70.01,,,12503,58.8225,10,2574,4.27
4xCDaWHR0Z8,Tiktok Ke No 1 Chappri Is Back 🤣,"Dec 8, 2025",37,0:00:27,81.24,73.63,,,24150,122.4275,44,3204,1.47
GhZYQ9ekAUg,kajal sejal dark-8 #shorts,"Dec 12, 2024",28,0:00:15,81.13,56.72,,,301,1.3279,0,646,19.97
xo4NMNYYyQo,Wanna Be Chappri 🤣,"Dec 11, 2025",40,0:00:29,81.06,74.27,,,14262,80.239,14,3017,5.34
 -JpXh_UhbvI,Best Makeup Transition 🤣,"Oct 2, 2025",33,0:00:28,80.97,86.93,,,18220961,84421.023,31212,270430,13.69
YXJHQSnvYPI,Biggest Kabutarbaz Chappri 🤣,"Dec 13, 2025",33,0:00:26,80.85,79.57,,,14511,69.1713,70,3279,1.49
jIAyYNzf9Z0,Power Of Makeup 2 🤣,"Jan 10, 2026",33,0:00:27,80.82,82.61,,,3103084,14538.242,5583,13115,3.89
eUh1JNsFk2o,kajal pandey dark comedy #shorts,"Jan 13, 2025",26,0:00:18,80.65,72.7,,,6296,32.7945,21,2328,3.95
gzSiCL_cBFo,Ye Kya Dekh Liya 🤣,"Dec 14, 2025",34,0:00:27,80.59,79.9,,,29489,124.9137,22,3859,2.8
IPsLaBvk9F4,Puneet Superstar Secret 🤣,"Oct 20, 2025",37,0:00:30,80.58,83.06,,,31617,162.6313,79,12726,4.14
9mKvKNKTgu0,Chappri Nibba Nibbi 🤣,"Dec 10, 2025",35,0:00:25,80.56,72.59,,,24380,114.8671,8,4009,3.07
OkA3yODYZO0,Weeding Gone Wrong 🤣,"Oct 27, 2025",31,0:00:26,80.55,84.02,,,23875,101.82,43,5586,2.51
gO5Jp1IM9rE,Funniest Hair Style Ever 🤣,"Oct 16, 2025",30,0:00:26,80.53,89.4,,,32323,131.7205,57,9576,2.59
iF8RPWqupoU,Tattoo Lover Transition 🤣,"Oct 26, 2025",31,0:00:27,80.45,87.43,,,31106,133.7907,44,5870,3.85
KsGf1kRTK0o,Finally Face Reveal 🤣,"Nov 4, 2025",31,0:00:24,80.43,78.83,,,29173,115.5112,41,4822,2.59
3myZ5ptfbiQ,Haldi Trend Gone Wrong 🤣,"Jun 23, 2025",54,0:00:33,80.39,62.79,,,24876,151.2393,56,4858,3.36
uBUbKzFIIq4,Best Makeup Transition-2 🤣,"Nov 8, 2025",31,0:00:22,80.23,74.14,,,27909,116.3134,59,4525,7.09
O171asa9vmU,the solution 💀 #shorts,"Dec 4, 2024",22,0:00:24,80.19,112.13,,,16787,114.556,16,2185,4.53
XjkGwumh2l4,Weirdest Street Food 🤣,"Mar 24, 2026",37,0:00:25,80.17,68.89,,,17726,85.3835,561,4285,8.87
VmXwq8xeLyw,Saurav Joshi Marriage Exposed 🤯,"Sep 17, 2025",36,0:00:25,80.07,71.9,,,24749,114.1323,33,4415,3.19
GcdXLkMX4pk,Virat Kohli Ka Duplicate 🤣,"Jan 13, 2026",38,0:00:28,79.98,74.24,,,24291,117.6685,25,7937,8.39
ahqq93J7Osw,Biggest Makeup Transition 🤣,"Oct 25, 2025",35,0:00:30,79.91,86.35,,,27416,143.5315,50,5677,4.54
prSakE3nrbE,puneet's favourite food #shorts,"Nov 29, 2024",22,0:00:16,79.76,76.11,,,2365,10.9494,2,1187,1.01
NKZtMAsqzLk,Power Of Makeup 6 🤣,"May 29, 2026",32,0:00:26,79.72,83.39,,,29239,122.4124,82,3781,3.46
uUl-GazDFDI,Best Makeup Transition 3 🤣,"Nov 28, 2025",29,0:00:24,79.67,85.9,,,41632,174.7888,37,4446,6.64
HpYduSoYuEg,New Chapri Is Back 🤣,"Oct 31, 2025",32,0:00:27,79.55,85.35,,,31803,134.4902,76,5253,6.26
kXW6kufpXpM,Puneet Superstar Crazy Food 🤣,"Nov 9, 2025",22,0:00:21,79.5,96.2,,,32895,104.3558,35,4840,4.26
79SNsC2S3JQ,Paisa Kamane Ka Technologia 🤣,"Jan 7, 2026",32,0:00:25,79.49,79.3,,,348475,1456.5817,977,9776,5.02
l_ch_LxEqlM,Biggest Chapri 🤣,"Oct 14, 2025",35,0:00:27,79.45,79.58,,,29455,133.5787,82,11676,4.46
TWYPuavC7R4,Biggest Chappri Is Back Again 🤣,"Nov 24, 2025",32,0:00:26,79.38,82.54,,,39864,170.0183,83,4803,7.25
oxSZzgBZK6U,Kajal Roast Devika Gupta 😂,"Jun 25, 2025",42,0:00:32,79.29,77.82,,,342752,1962.4774,634,1905340,4.28
Cjo9nEgmXeA,Ye Dikh Raha Kya 🤣,"Dec 27, 2025",28,0:00:21,79.28,75.74,,,28279,109.3221,41,11140,1.17
K017Q9tgi8M,Biggest Nibba Nibbi Ki Shadi 🤣,"Nov 25, 2025",27,0:00:23,79.27,86.36,,,29558,111.056,41,4491,4.39
Vu2MgFsIv5A,Best Karwa Chauth Of Nibbi 🤣,"Oct 10, 2025",35,0:00:22,79.26,63.39,,,23206,102.0946,25,11396,3.65
GlvUKA8L0fM,Puneet Vs Elvish 🤣,"Dec 21, 2025",37,0:00:29,79.18,78.77,,,18089,95.677,44,4476,1.81
caU7ljeXYDg,Iphone User Transition 🤣,"Nov 4, 2025",37,0:00:30,79.15,81.67,,,28099,140.4288,22,4435,2.21
z0IxmZbaZOE,Free Fire Vs BGMI 🤣,"Nov 6, 2025",33,0:00:27,79.1,84.18,,,28131,135.2092,221,5213,5.41
edzoLoXADsg,Best Makeup Transition Final 🤣,"Dec 28, 2025",36,0:00:30,79.05,83.61,,,20662,113.3766,46,12851,4.87
2vQKcL1ey1Y,The Power Of Body 🤣,"Oct 8, 2025",34,0:00:26,79.04,77.66,,,28134,126.3827,75,6075,6.29
AVLf301YxRY,Inke Bacche Ho Gye 🤣,"Dec 21, 2025",39,0:00:28,79.02,71.81,,,21442,108.4322,55,4664,2.44
SgBKnNlf8oY,Ye Mat Dekhna 🤣,"Dec 23, 2025",29,0:00:22,78.91,78.12,,,21864,87.0291,31,5183,1.33
f91XbOJVvLM,Best Food Lover Part 2 🤣,"Jun 10, 2026",36,0:00:31,78.86,74.67,,,26759,141.2819,292,2504,10.26
4LR5yz2iHHE,Sasta Policewala 🤣,"Feb 9, 2026",31,0:00:26,78.69,84.8,,,30895,130.0209,258,7554,2.97
PlPhYxJXG2k,Power Of Tattoo 🤣,"Mar 1, 2026",30,0:00:23,78.68,78.79,,,48538,205.7533,1165,9160,5.85
9VD50-nlovo,sejal exx vlog reaction 🙄 #treanding #comedy,"Nov 10, 2024",25,0:00:18,78.58,72.61,,,14715,73.6503,18,4115,8.12
te2AlX_5npk,Shirf Ek Apna Bhai 🤣,"Jan 12, 2026",25,0:00:19,78.51,76.47,,,26346,92.1301,19,7582,9.55
XA9KQ1UH1tU,costume cutter-3 #shorts,"Dec 11, 2024",48,0:00:32,78.51,65.48,,,13115,116.29,3,2924,1.23
Y_3rwItVFWk,kajal sejal dark-16 #shorts,"Jan 7, 2025",42,0:00:19,78.43,46.69,,,132,0.6564,0,848,4.36
QUlE-jDIbjc,Rise And Fall Pawan Singh 🔥,"Sep 13, 2025",37,0:00:32,78.42,88.33,,,17681,101.0753,27,2793,1.29
drrUIiYWGEw,kajal sejal dark-10 #shorts,"Dec 22, 2024",35,0:00:25,78.39,72.65,,,15333,107.8188,46,2502,3.04
ANrSnZ135cs,Biggest Chappri Is Back 🤣,"Oct 23, 2025",33,0:00:27,78.38,84.67,,,46577,206.5723,113,9583,6.73
9AtvTl_m2mk,Papa Ka Para 🤣,"Nov 19, 2025",31,0:00:26,78.38,84.66,,,257,1.073,1,404,22.03
kaP5VvJl6NE,Making Fun On Hindu,"Mar 9, 2025",25,0:00:16,78.38,65.87,,,111,0.4033,0,701,5.71
LAtPqalrlY0,Chahiye Kya aurat ko 🤣,"Nov 29, 2025",33,0:00:27,78.36,83.13,,,27960,133.7287,77,3210,4.11
hNMP7s8TeeM,Best Maggi Transition 🤣,"Oct 11, 2025",37,0:00:27,78.04,73.11,,,28276,128.9895,46,6918,2.17
ouIKvI7RZYc,Bro Turned Into Barbie 🤣,"Oct 19, 2025",36,0:00:29,78.03,82.37,,,28923,142.0816,41,7844,4
19J7SNSZckI,Going To SRK House 🤣,"Feb 5, 2026",32,0:00:27,77.96,85.5,,,22719,113.612,22,6756,1.15
ancae4TrdQY,Tiktok Ke No 1 Couple 🤣,"Dec 6, 2025",24,0:00:20,77.85,86.06,,,7554,23.7109,6,2614,3.86
ZquXbroAkxE,7 Crore 🤣,"Feb 25, 2026",32,0:00:26,77.62,81.41,,,14793,68.0979,121,7673,1.69
cabD0B90ZZ8,Masterplan Of Muskan Karia 🤩,"Oct 1, 2025",47,0:00:31,77.55,66.95,,,4737,26.0122,4,9217,4.49
PKlebzaaLB8,Power Of Overacting 🤣,"Jun 19, 2026",39,0:00:29,77.51,75.38,,,221602,1062.9081,2587,1336,11.83
yGvOjxQBtv4,kajal sejal dark-14 #shorts,"Jan 6, 2025",36,0:00:21,77.51,59.68,,,4289,25.4541,6,1516,4.02
aHm0UYEfJu8,Sourav Joshi Masterplan Exposed 😱,"Sep 4, 2025",32,0:00:26,77.37,83.1,,,38549,158.3738,41,3961,2.07
U5Bj1jemQMY,atma katha ❌ johnny sins katha ✅ #shorts,"Dec 9, 2024",20,0:00:18,77.36,90.3,,,3361,16.7849,1,1748,0.29
7-V_c5bpUp4,Payal Gaming Ka Roast 🤣,"Dec 17, 2025",25,0:00:18,77.34,75.29,,,36659,128.0477,8,124859,13.84
UwMqUWQzDSg,strength is mouth #shorts,"Dec 9, 2024",28,0:00:18,77.32,66.88,,,5901,30.6769,2,858,0
s65iwOZtDPs,Best Makeup Fail Ever 🤣,"Oct 21, 2025",37,0:00:27,77.25,75.4,,,31289,144.2125,45,9134,8.32
EYwUjOFbrC8,Power Of Makeup 4 🤣,"Feb 23, 2026",27,0:00:22,77.11,84.92,,,164024,596.3629,2922,9599,4.97
uUIYsx4QyXc,Biggest Chappri Is Live 🤣,"Dec 19, 2025",34,0:00:25,76.95,73.99,,,7589,34.1073,20,3634,1.6
HeZ-PLl2YX0,Chappri Doctor 🤣,"Mar 26, 2026",39,0:00:25,76.93,65.65,,,6649,30.408,53,1030,14.27
8s8zpBTq0CQ,Dukan Kharid Liya 🤣,"Dec 28, 2025",28,0:00:24,76.86,86.8,,,5354579,20097.9031,12519,19501,3.62
hbTGWNYIxrM,Facts Roast Sejal exx,"Mar 4, 2025",33,0:00:16,76.59,51.08,,,3090,14.2364,3,1024,4.1
D0t2n32m_50,Gobar Ki Roti Kha Li 🤣,"Nov 14, 2025",30,0:00:27,76.47,90.37,,,198418,839.7762,1632,13614,9.13
ymlbjzJAMDw,Time to Make TikTok Videos 🤑,"Aug 28, 2025",38,0:00:28,76.47,75.97,,,24,0.1056,0,43,13.95
MpqSIiBZ57Y,Cringe Kajal Pandey Roast,"Mar 25, 2025",38,0:00:21,76.39,57.41,,,1180,6.6861,5,1264,5.3
6cyAhlPIDfQ,mental sheeer #shorts,"Nov 26, 2024",21,0:00:12,76.29,61.65,,,3553,12.7574,1,1699,1.18
Ur5gW1TxO6k,Best Food Lover 🤣,"Jun 3, 2026",36,0:00:26,76.23,73.12,,,362232,1549.2525,12060,4035,7.76
HbHrQo9AENQ,Biggest Chappri 🤣,"Nov 21, 2025",26,0:00:22,76.19,88.45,,,3076,10.7231,3,4632,5.48
982QH8yw4TI,Korean Boy Scam 🤣,"Dec 20, 2025",28,0:00:24,76.06,88.91,,,29654,119.0778,36,4263,4.46
Tw04ZbnTZTI,Girls In Holi 🤣,"Mar 7, 2026",31,0:00:23,76,75.53,,,64795,257.1214,3437,8661,3.98
uXRF15-rtt4,Tanya Mittal Roast Pawan Singh 😡,"Sep 26, 2025",41,0:00:29,75.93,71.94,,,16045,75.0913,11,6590,3.32
6vqw87ckxJs,kajal sejal dark-6 #shorts,"Dec 3, 2024",25,0:00:16,75.87,66.89,,,443,1.9401,1,1096,10.95
EbIxTsYauFU,Worst Makeup Transition 🤣,"Oct 13, 2025",35,0:00:23,75.76,66.66,,,23299,93.4424,22,7547,3.76
Ufve2taP5lI,Kajal Pandey Be Like 🤣,"Oct 15, 2025",33,0:00:27,75.64,82.22,,,32352,138.3542,39,11729,3.72
REgEyz0tV3s,Power Of Dance 🤣,"Mar 5, 2026",31,0:00:21,75.57,70.13,,,23092,90.7373,368,7753,3.12
xxyc_6hhJRw,kajal sejal dark comedy-2 #shorts,"Jan 14, 2025",29,0:00:18,75.56,62.98,,,273,1.0802,1,1810,5.3
njTwHJhhZ20,Best School Technologia 🤣,"Nov 11, 2025",27,0:00:24,75.55,90.65,,,29377,120.4373,77,4857,2.49
i57IYmUDNbA,Ishaan Ali Without Filter 😂,"Sep 29, 2025",48,0:00:32,75.49,67.01,,,7899,41.9204,21,7968,2.65
JPl9QwfCVqs,Starving For Iphone Flex 😭,"Sep 20, 2025",35,0:00:24,75.38,70.54,,,9886,40.7666,6,6392,1.75
vVTurfA-ceM,Pakistan K Gujjar 😅,"May 3, 2026",37,0:00:31,75.27,84.37,,,14826,81.4962,24,3480,3.28
1U7YqHV2FJI,Sourav Joshi Ki Real Wife 🤣,"Nov 18, 2025",28,0:00:24,75.2,88.53,,,29815,117.3492,23,6724,4.95
EOgZpmuR8Zs,Half Krish 🤣,"Feb 27, 2026",30,0:00:20,75.12,68.02,,,15206,55.9181,170,8414,3.95
BS-60GAXbG4,Day 1🏋,"Apr 13, 2024",47,0:00:40,75,86.53,,,30,0.3389,0,58,27.59
AMoJUCVkXxE,dancing car story-3 😂 #shorts,"Dec 28, 2024",47,0:00:24,74.94,51.89,,,5695,38.5134,1,670,0.9
yMpzTGnGfcQ,Didi Ko Boyfriend Caheye 🤣,"Dec 26, 2025",31,0:00:25,74.94,83.18,,,19651,82.6607,20,9049,1.29
FZUjIyOiVeQ,Bindas Kavya Pose 🥵,"Jun 8, 2025",52,0:00:39,74.89,75.98,,,32663,207.3741,35,5084,5.49
VdFZG2AXIkY,Babu Ka Surprise 🤣,"Aug 27, 2025",58,0:00:30,74.68,52.73,,,3217,17.1549,9,1984,4.59
MIdFMYwQUbg,Painful Reality Of Ganpati Visarjan 😡,"Sep 5, 2025",37,0:00:29,74.33,79.2,,,31778,140.3663,104,2757,1.27
jTLLEjD8CMs,Indian TV Serials 🤣,"Nov 13, 2025",27,0:00:21,74.19,79.97,,,9619,33.3279,55,6371,2.26
o0AQBooY9ss,Dil Chura Liya 🤣,"Jan 8, 2026",32,0:00:27,74.15,87.22,,,33223,138.1533,76,8064,3.71
3nU-MA7RTJw,Biwi No 1 🤣,"Nov 22, 2025",29,0:00:21,73.89,74.72,,,65165,249.1126,59,6018,6.51
Kn30HRCp4wc,brown rang reaction #shorts,"Dec 9, 2024",22,0:00:16,73.85,75.31,,,4435,20.3623,2,2187,0.5
zDztqMZLb94,Best Nibba Nibbi Pro Max 🤣,"Nov 12, 2025",37,0:00:32,73.78,86.89,,,7669,37.0868,14,4760,1.74
B5a0iK1k7p0,Reality Of Some Indian,"Apr 27, 2025",41,0:00:30,73.77,73.41,,,4484,24.054,9,1646,1.64
PsyRPgo1Ya8,Desh Ki Beti,"Feb 27, 2025",29,0:00:18,73.7,65.31,,,951,4.9147,1,708,3.81
Q9rPQJRv7Jo,Power Of Singing 🤣,"Mar 18, 2026",38,0:00:29,73.51,77.82,,,26467,133.8327,895,5918,3.51
heI7HaCijyw,Ye Nahi Sudhregi 😱,"May 8, 2026",42,0:00:34,73.48,81.36,,,28680,151.6878,38,4600,1.61
21HdGyxaHao,Valgar Content Roast 🤯,"Aug 29, 2025",51,0:00:36,73.38,71.21,,,14984,89.3898,34,2488,2.17
_eEZEbjLu1E,kajal sejal dark-4 #shorts,"Nov 30, 2024",20,0:00:16,73.37,82.39,,,36287,164.8261,61,5804,9.8
drYi8M7VOFE,Best Of Bindas Kavya 😁,"Jun 16, 2025",58,0:00:40,73.31,70.44,,,23273,152.3866,25,2470,2.31
dujnD0TPuJQ,Chor Police 🤣,"Oct 5, 2025",33,0:00:28,73.23,85.61,,,16969,78.407,75,11174,4.59
LT12dzGQO8o,Kajal Sejal Viral 😱,"May 21, 2025",51,0:00:23,72.95,46.32,,,10282,49.1317,10,2904,6.44
m3gKir9qaKw,Chocolate Chor 😱,"Feb 17, 2026",32,0:00:22,72.9,71.44,,,17876,70.0737,106,7017,1.64
5L3S_Cu6_ZA,Best Chai Transition 🤣,"Oct 7, 2025",32,0:00:25,72.9,80.13,,,24836,101.9741,65,7686,4.19
SeGncaHNe2o,Sasta Korean Look 😂,"Apr 29, 2026",34,0:00:25,72.84,73.94,,,11858,49.1512,12,2804,2.28
GlTloA1mGBE,Power Of Makeup 5 🤣,"Mar 22, 2026",39,0:00:30,72.73,77.76,,,39062,204.8067,1004,5807,5.99
BUyn6-mXh6Y,Kajal Pandey Roast 🤣,"Aug 28, 2025",50,0:00:23,72.73,47.63,,,27,0.1094,0,31,25.81
6N0cs1TTakA,Bindas Kavya Burn 😱,"Jun 2, 2025",60,0:00:43,72.71,72.71,,,28688,193.7319,32,3455,5.09
00swnhBS_sA,sejal kajal dark #shorts,"Nov 20, 2024",28,0:00:17,72.66,61.15,,,5477,25.2379,7,4895,11.03
NRCMveEFTd4,ravi kishan on samay😡 #shorts,"Feb 23, 2025",51,0:00:19,72.61,38.08,,,462,2.383,0,700,0.71
Vkk4b1GupaA,Bindas Kavya Exposed 😡,"Sep 11, 2025",35,0:00:24,72.54,69.39,,,13856,53.0775,10,2120,3.25
cczIDTn0Dko,kajal sejal dark queen #shorts,"Nov 22, 2024",30,0:00:18,72.45,60.97,,,1053,5.3019,3,1882,8.66
3CVIydheK_w,Pakistani Lendi 🤣,"Mar 29, 2026",30,0:00:22,72.33,75.8,,,4837,17.8711,6,4212,2.64
1396iYFCaV8,kajal sejal dark-5 #shorts,"Nov 30, 2024",25,0:00:14,72.27,57.26,,,1116,4.369,3,1832,6.99
HT1_y9LfX4E,When She Tries To Be Cute 😳,"Sep 1, 2025",50,0:00:26,72.22,53.99,,,22,0.0995,0,52,13.46
NLJuYAn2QV8,Rolls royce ❌️ Roj Royal✅️,"Mar 28, 2024",11,0:00:10,72.2,90.92,,,4593,12.7343,1,1148,1.92
9LfV2Z8XS6g,Chappri In Oyo 🤣,"Feb 8, 2026",35,0:00:27,72.06,78.28,,,29342,124.1046,145,7351,5.56
x78jVOyeygc,dhruv rathee reality! 😱 #shorts #dhruvrathee,"May 5, 2024",53,0:00:36,72,69.27,,,55,0.5609,0,70,1.43
zDVoByMIiu4,Pookie Baba Roast 🤣,"Feb 14, 2026",41,0:00:28,71.95,70.28,,,27359,131.2797,132,7887,3.14
WnUZnB_B_5w,Abhinav Arora EXPOSED 😡,"Sep 8, 2025",37,0:00:26,71.91,71.8,,,8993,41.7316,4,2842,1.79
XAj7Vth3rQw,☠️ #shorts,"Dec 2, 2024",23,0:00:14,71.91,63.56,,,2756,11.1655,1,1359,2.21
usXZZlbOw8w,Chappri Holi 🤣,"Mar 9, 2026",36,0:00:23,71.89,66.29,,,28635,116.5022,721,8677,7.11
NgGGLL58dHo,The 50 Show Ka Chappri 🤣,"Feb 6, 2026",49,0:00:35,71.88,72.12,,,17918,112.37,33,7115,5.35
TXg4umvUtvE,request to ‎@CarryMinati #shorts,"Nov 21, 2024",35,0:00:14,71.87,42.23,,,910,3.7287,0,1005,1.39
2Qs7QcrigtY,Overacting Unlimited 🤣,"Nov 5, 2025",35,0:00:29,71.83,85.54,,,27924,137.173,108,5313,6.51
WncMt9xZdL0,Cringe Level 1000 🤣,"Oct 22, 2025",32,0:00:24,71.74,77.6,,,30533,118.1819,42,7540,4.47
RiRat_zq6ow,Puneet Superstar X IIT Baba,"Mar 5, 2025",12,0:00:12,71.69,100.79,,,11922,39.4793,2,3615,2.07
qJHV8FOafBM,Cringe Of Ruchika Malhan 😝,"Jun 27, 2025",58,0:00:33,71.64,58.18,,,3570,21.8537,0,6567,6.03
RrvcgeBwkcA,1 Crore Ka Makeup 🤣,"Feb 21, 2026",34,0:00:27,71.6,81.86,,,38146,158.7692,229,7814,2.93
A_lDcSthfIE,Biggest Chapri Is Back 🤣,"Oct 18, 2025",31,0:00:23,71.51,76.57,,,1181435,4508.6277,6810,1685774,8.86
vsgKwyWnI24,Kajal Sejal Roast 😂,"May 13, 2025",54,0:00:18,71.43,34.45,,,4268,15.6204,7,1791,4.52
CVQI6BjpfCc,Rajat Dalal Masterplan 🤯,"Sep 9, 2025",42,0:00:28,71.22,67.31,,,4052,19.2146,2,2192,1.32
vvYrERFVkdc,sejal exx dark queen #shorts,"Dec 1, 2024",28,0:00:18,71.08,67.8,,,3007,15.6031,1,2812,8.29
0Qh5Cg09d6A,Saurav joshi Cringe roast 🤮 #roast #shorts,"Apr 26, 2024",43,0:00:32,71.05,75.3,,,27,0.2428,0,159,7.55
KNieH66XYn4,Girls Makeup Transition 🤣,"Oct 4, 2025",33,0:00:26,70.96,80,,,30369,128.5186,58,13607,9.85
qjOo3P7CwGs,Gadhe Se Shadi Karle 🤣,"Dec 1, 2025",29,0:00:25,70.74,88.66,,,2502,8.9789,5,2561,2.3
126u5gBU34A,Best Board Drawing 🤣,"Oct 3, 2025",39,0:00:31,70.74,80.48,,,14907,71.7304,51,9561,3.23
B3AOCe5fTMg,dancing car story 😂 #shorts,"Dec 28, 2024",45,0:00:29,70.66,66.51,,,7603,63.0788,2,865,1.27
JpADEJRDx9M,R.I.P BTS fans🤣🤣 #roast,"Jul 14, 2024",21,0:00:17,70.44,84.46,,,3322,15.5702,1,1642,6.58
PxncLX6E7jQ,Inspiring Urfi Javed 💀,"Jun 14, 2025",60,0:00:28,70.42,47.81,,,79,0.4102,0,27,11.11
-8ImlGbMoXQ,saurav joshi vlog secret 😂 #shorts,"Oct 6, 2024",17,0:00:10,70.36,64.6,,,3785,11.5326,9,862,1.86
2Ix8gwp3mZA,triggered insaan roast ruchika rathore #shorts,"Dec 21, 2024",44,0:00:20,70.24,46.28,,,499,2.7907,0,876,2.97
5hkwSsvIcTM,Black Lover 🤣,"Feb 18, 2026",33,0:00:28,70.13,85.83,,,23098,98.5243,106,7508,1.72
BKTtjss6ceE,the audiance 💀 #shorts,"Jan 3, 2025",24,0:00:08,70,35.42,,,7,0.0165,0,29,10.34
53Dog-VGjqs,Desi Korean 😂 (Sasta Korean),"May 12, 2026",35,0:00:26,69.84,76.3,,,8179,33.0395,56,5005,6.29
iw1MtsITyJs,Joshi Family Exposed 😂,"May 25, 2025",47,0:00:29,69.78,63.24,,,8545,42.3183,12,2249,2.85
hmdYneZZwJw,kajal sejal dark #shorts,"Nov 18, 2024",25,0:00:19,69.62,77.85,,,58161,310.0682,114,56640,9.15
dTtBQeU7BJQ,Best Boys Makeup Transition 🤣,"May 9, 2026",34,0:00:26,69.6,79.18,,,30978,133.1808,21,5177,3.3
hhjK9JalxcQ,munawar trolled 😂 #shorts,"Oct 5, 2024",13,0:00:09,69.53,76.91,,,1381,3.8245,1,825,1.82
HIdH3pKq_mY,Makeup Ke Power 🤣,"Dec 7, 2025",29,0:00:23,69.39,79.33,,,26945,98.664,31,2985,3.02
MmHpppzCYeY,Best Wedding Talent 🤣,"Jun 6, 2026",39,0:00:25,69.32,64.33,,,3364,13.6234,28,1218,10.43
pLfkiSZSGt0,Muskan Karia Roast,"Apr 30, 2025",55,0:00:24,69.19,44.07,,,10461,47.3452,7,25315,7.63
TSKUBmR-Csw,hardik pandya divorce reaction😱 #viral #reaction #shorts,"May 26, 2024",34,0:00:18,69.13,55.01,,,723,3.7465,1,972,2.47
s8cbwlv402M,Kajal Ka Sach,"Feb 27, 2025",25,0:00:15,68.98,61.68,,,1136,4.3756,1,1033,3.19
13mtkMTABFI,Payal Gaming-Roast,"Apr 17, 2025",50,0:00:29,68.98,58.28,,,3750,19.3254,6,1745,4.3
uWl_ABqAg74,When News Becomes Entertainment,"May 10, 2025",43,0:00:18,68.96,43.64,,,2186,7.6323,0,1177,1.02
m4qmQLLnwYc,Power Of Makeup 🤣,"Oct 6, 2025",38,0:00:29,68.85,78.85,,,40208,183.2624,100,9442,8.04
_HBFje0Uf94,Pawan Singh Rise and Fall 🤡,"Sep 7, 2025",38,0:00:27,68.73,73.49,,,10913,47.2844,17,3143,1.43
cIsqCK7O2zc,Pakistani Chapri 🤣,"Nov 1, 2025",33,0:00:26,68.64,79.27,,,6106,23.6603,9,5489,3.02
dw9pBvV7Hzo,End Tak Dekhna 🤣,"Dec 27, 2025",34,0:00:28,68.59,83.08,,,33060,144.9476,61,10183,1.32
UvwtUgTnTN8,elvish yadav Diss-track 😡 #shorts #elvishyadav,"Apr 1, 2024",34,0:00:17,68.57,50.85,,,193,0.9269,0,553,7.23
NlsusbKsu68,The Power Of Makeup 🤣,"Oct 9, 2025",34,0:00:26,68.43,79.34,,,50169,199.3252,98,7654,4.26
A2srESg05EU,kajal sejal dark-9 #shorts,"Dec 18, 2024",33,0:00:17,68.42,53.12,,,4106,19.7545,4,1492,6.9
fg3Jn0odGgg,samay roast harsh #shorts,"Dec 9, 2024",29,0:00:18,68.33,63.4,,,5578,28.4722,3,786,0.76
FN5qL8VIMxM,Mani meraj Exposed 🤯,"Sep 16, 2025",36,0:00:27,68.3,76.2,,,9269,39.2752,6,3344,2.3
tIuz1tW4U_0,kajal sejal dark-17 #shorts,"Jan 7, 2025",29,0:00:19,68.29,67.97,,,28,0.1533,0,98,13.27
s3Lp_Qh_P7k,Best Funny Answer 🤣,"Oct 12, 2025",35,0:00:26,68.14,76.79,,,28825,133.5669,63,8404,1.94
PQXejN1N4B4,New Singer From Pakistan 😡,"May 15, 2025",54,0:00:30,68.09,55.6,,,2535,13.1476,1,1319,0.99
fVxRsBfns0s,sejal x kajal #shorts,"Nov 18, 2024",34,0:00:23,67.72,68.95,,,10212,66.4529,12,2771,8.77
g1c_0M_zZjk,Chappri Makeup 🤣,"Feb 10, 2026",29,0:00:24,67.5,85.51,,,36780,140.0202,191,7367,8
RNv-PgSuY28,shilajit ❌ redbull ✅-2 #shorts,"Dec 10, 2024",48,0:00:22,67.5,47.46,,,688,4.2868,0,932,0.32
TNUSFmSSJc4,Chacha Ke Karname 🤣,"Dec 5, 2025",27,0:00:16,67.46,62.79,,,9948,27.7871,4,2353,1.83
1eZjhRPULQg,Beti Bachawo Beti Padawo,"Mar 3, 2025",36,0:00:14,67.4,39.96,,,722,2.8146,2,962,2.18
HexB_FwtsP4,Latter Par Chai Gira Diya 🤣,"Dec 30, 2025",29,0:00:25,67.17,88.78,,,73624,277.679,116,14034,8.48
HGC3BtMOclc,sejal roast video 😂 #shorts,"Nov 16, 2024",33,0:00:14,67.13,44.18,,,780,3.1585,1,1085,3.32
6J9UuiDTNAU,Sasta Makeup 🤣,"Feb 7, 2026",26,0:00:21,67.09,84.04,,,185761,596.1235,2235,8120,7.01
B_KBF0-mZJQ,funny reel reaction 😂 #funnycringe #funny #shorts,"May 18, 2024",12,0:00:12,66.85,104.27,,,11922,41.3328,16,937,1.81
uocQ3CwsnLE,saurav joshi vlog secret 😂 part 2 #shorts,"Oct 10, 2024",23,0:00:13,66.77,60.45,,,636,2.4564,1,647,5.56
KgoCrzcNJvk,Hilarious Roast of Sejal Exx #comedy #shorts,"Oct 11, 2024",29,0:00:24,66.71,85.33,,,11965,81.9973,20,1695,2.24
bJr5tcpVJU0,Rohit Khatri Wife 😂roast,"Aug 11, 2025",62,0:00:40,66.23,65.45,,,776,4.5925,1,2162,8.28
ojU8LtWb2jc,chapri dream😆 #shorts,"Nov 26, 2024",19,0:00:12,66.17,64.59,,,1760,5.9457,1,953,0.84
LzGS0TCRWaU,Tera Naam Kya Hai 😂,"Aug 3, 2025",42,0:00:22,66.01,53.53,,,3111,11.7901,5,2414,1.12
-4Osjkrggu4,costume cutter-2 #shorts,"Dec 11, 2024",27,0:00:19,65.98,71.27,,,10566,56.2982,0,2704,1.11
VikZpsIGdGE,kajal sejal dark-13 #shorts,"Dec 26, 2024",25,0:00:16,65.78,64.17,,,1339,5.886,2,1217,5.26
ZJQKhbEIWf4,nibba roast 😂 #shorts,"Oct 7, 2024",31,0:00:21,65.69,67.91,,,4049,23.6446,10,886,2.26
wwYOJwz2C0o,bachpan ki aadat #shorts,"Dec 11, 2024",52,0:00:23,65.57,45.52,,,841,5.4993,0,790,1.01
G5i-pSjVeHg,newspaper ki dress 😱,"Jun 10, 2024",40,0:00:21,65.56,54.72,,,2673,16.2365,8,737,1.49
dtFkyvtdmc4,saurav joshi ultimate content formula revealed 😂 #shorts #comedy,"Nov 7, 2024",26,0:00:13,65.52,51.73,,,20,0.0747,0,39,12.82
j09k9JILOcA,Fake Attitude 🤣,"Feb 13, 2026",36,0:00:27,65.5,76.73,,,4019,16.4152,22,1920,10.89
EXpjQ9UCiX8,maheep singh-2 😂 #shorts,"Jan 2, 2025",53,0:00:31,65.46,59.77,,,2129,18.6308,0,625,0.16
RDIBj-_TElw,Aloo Khaoge ? 😂,"Sep 25, 2025",39,0:00:26,65.39,68.69,,,3942,15.8014,11,5282,3.14
bd3p6o-eUGQ,Ye Kya Mil Gaya 🤣,"Dec 14, 2025",7,0:00:09,65.3,139.48,,,14540,17.6126,5,3307,3.78
D997Lle1RNI,Sejal Exx Roast,"Mar 9, 2025",30,0:00:16,65.22,53.84,,,1508,6.5769,1,2053,5.75
9ZSITR17UFc,Boy To Girl Makeup Transition 🤣,"May 9, 2026",34,0:00:29,65.17,86.92,,,276,1.1053,0,112,7.14
8MAYuW1gMI4,Chamach Trend 🤣,"Feb 19, 2026",34,0:00:24,64.97,71.77,,,1226,4.8386,22,341,18.48
nfjQaGLL48g,Bindas Kavya is Innocent 😡,"Jul 29, 2025",54,0:00:30,64.73,56.44,,,5048,25.6255,3,7860,6.36
owASCmmqDIM,Queen Sparrow 🤣,"Oct 3, 2025",34,0:00:24,64.64,72.45,,,5321,18.6195,6,9394,3.56
e1OG9XzGERg,The Delusional Country 😂,"May 17, 2025",52,0:00:22,64.63,43.8,,,3131,12.1046,4,2267,1.41
Cvc51yTWxw4,When TikTok Returns 😂,"Aug 29, 2025",38,0:00:23,64.6,62.5,,,659,2.3227,1,2388,3.81
oKJPcP1Rc08,WORLDCUP X SASTA SANDEEP MAHESHWARI ! #shorts #shortsfeed #reaction,"Nov 25, 2023",42,0:00:29,64.59,70.22,,,14504,118.1145,23,2027,5.03
5fvY-vhpEb0,Cousin Lover Hamza 😂,"May 20, 2025",57,0:00:26,64.54,45.88,,,1909,8.7769,3,1910,1.73
3-4TeWY3T58,fortuner leli 😍 #comedy #funnycringe #funny,"May 29, 2024",26,0:00:21,64.52,83.92,,,20,0.1212,0,107,0.93
XOo5PSLXGtU,roast tony kakkar #shorts,"Dec 9, 2024",34,0:00:14,64.44,43,,,2941,11.9353,1,791,0.51
fQMsgXLO1EM,Overacting ki godaam 😡,"Aug 12, 2025",55,0:00:34,64.36,61.94,,,12268,66.024,36,2673,3.74
MEPXMUIyGHY,Jarurat 😂 (Nibba Nibbi),"May 11, 2026",47,0:00:30,64.1,64.02,,,20611,92.5726,125,6876,3.93
DeZfriPAVk4,Kajal Pandey Hidden Roast,"Mar 10, 2025",29,0:00:15,63.98,52.42,,,1390,5.7426,2,1171,3.67
AG35g93F66M,Sourav Joshi 😱,"Sep 24, 2025",40,0:00:23,63.96,58.51,,,3137,11.5896,4,4940,1.17
CN7yfT_0c4w,punjabi on samay raina show 😂 #shorts,"Oct 7, 2024",15,0:00:12,63.87,85.29,,,1265,4.4836,0,1160,0.69
fLy6L1U5zbs,roast ajaz khan 😑 #shorts,"Jul 24, 2024",45,0:00:18,63.72,40.41,,,1412,7.1129,0,933,2.57
1c7aqNN3G0A,Sejal Ji Roast 😂,"May 23, 2025",60,0:00:28,63.72,48.27,,,6553,33.2757,9,1903,2.21
pJthKTyXytU,Bindas Kavya vs Devika  😱,"Jun 19, 2025",55,0:00:36,63.63,67.09,,,15843,87.4896,17,3636,5.28
IY39jWOhzuc,Princely Free Fire Roast,"Mar 10, 2025",29,0:00:19,63.61,66.16,,,2091,10.2299,4,1607,2.61
Ohc03uAlf_8,Rajputani 😱😅,"May 5, 2026",27,0:00:17,63.41,65.52,,,2890,8.4739,4,3266,2.05
nbZiS8glwe4,rajattt bhai 🔥 #shorts,"Nov 19, 2024",23,0:00:14,63.24,62.34,,,1890,7.5277,2,815,1.35
bUjOsRmnev4,Why Pawan Singh Left Rise & Fall 😲,"Sep 21, 2025",36,0:00:27,63.14,77.54,,,9912,41.0309,8,13870,4.97
463LDsC47SQ,Arvind kejriwal ghar pe aaye 😅 #funny,"Mar 23, 2024",21,0:00:22,62.96,105.47,,,17,0.1046,0,15,33.33
iYMO3y1T4Eo,Iphone Flex Gone Wrong 😂 (Android Wale King),"May 6, 2026",32,0:00:22,62.8,69.86,,,6405,22.9327,3,3734,1.34
umtRWZvXj6M,Lollypop 🤣,"Dec 19, 2025",35,0:00:26,62.75,77.04,,,68,0.2544,0,63,20.63
Pn7YHS0ZfYo,Lollipop 🤣,"Dec 19, 2025",23,0:00:15,62.5,65.48,,,10,0.0222,0,10,20
OrwNNGxlAL8,rakhi sawant vs maheep 😆 #shorts,"Jan 1, 2025",41,0:00:20,62.47,50.48,,,3786,21.6889,0,764,1.31
EPUrPlp2M_U,missed call fron samay #shorts,"Dec 10, 2024",32,0:00:15,62.45,49.72,,,484,2.1391,0,478,1.05
XWJ5kkij1YY,samay dance #shorts,"Dec 10, 2024",38,0:00:16,62.44,43.77,,,762,3.4816,1,877,0.57
hwm6kStkacs,The Conspiracy King Kuldeep Singhania Exposed😱,"Aug 26, 2025",57,0:00:29,62.03,51.86,,,2096,10.1644,3,3257,2.39
gq-FzmeJs_U,brainless bhabhi #shorts,"Dec 3, 2024",23,0:00:15,61.92,66.82,,,777,3.2867,1,1305,1.07
h1c54LuTJf8,heavy workout 😂 #shorts,"Aug 15, 2024",15,0:00:13,61.89,87.35,,,2494,9.067,2,780,3.08
E_UqGQlmySc,Over Cuteness Ki Dukaan 😂,"Sep 2, 2025",51,0:00:28,61.86,56.86,,,1532,6.9083,6,2155,3.81
5MPDgubDpEc,Tanya Mittal Roast 😂,"Sep 1, 2025",52,0:00:29,61.86,57.55,,,8457,41.4038,5,2560,5.63
lzP6eAF8iPA,Reality Of Big Billion Day Sale 🤯,"Sep 22, 2025",38,0:00:23,61.84,62.87,,,5571,21.6211,4,3706,1.3
VKilQexhOdU,Pyari Nari Khyati,"May 11, 2025",51,0:00:19,61.82,37.63,,,3494,11.8049,0,17878,4.56
bY8mZMSg6oQ,kajal sejal dark-7 #shorts,"Dec 4, 2024",21,0:00:14,61.74,67.07,,,4262,16.5631,9,2449,6.74
TOzX7GKfBaA,Girls Holi in Delhi Metro 😱 #funny #viral,"Mar 24, 2024",36,0:00:33,61.54,93.72,,,8,0.075,0,45,13.33
WjnebU9thN8,indian santa 😂 #shorts,"Dec 22, 2024",22,0:00:14,61.43,66.47,,,611,2.4607,0,1352,6.51
duwhKobIb5M,family vloger roast 😂 (part-1) #shorts,"Oct 18, 2024",45,0:00:17,61.41,38.99,,,428,2.0862,2,539,2.41
gfRqiUaOTvA,saurav joshi amma meme 😂 #funnycringe #comedy #memes,"May 17, 2024",15,0:00:11,61.35,75.01,,,3665,11.2934,5,3284,7.28
ZW1vR2VIV8A,Sparrow USA 24 Roast 💀,"Sep 27, 2025",40,0:00:28,61.29,72.33,,,5053,19.7584,9,12415,1.43
rJuyHZ0koxI,Crazy Bts Army 😂,"May 23, 2025",58,0:00:23,61.22,40.28,,,4098,16.1133,4,1683,1.07
9eLidBCoHnk,triggered inshan roast bts 😂 #shorts,"Jul 23, 2024",25,0:00:19,60.97,77.62,,,5180,27.4903,3,1943,3.86
TJ9QHjQYWWg,Mota Bhai ka kamar 😅 #shorts,"Apr 18, 2024",54,0:00:15,60.79,28.81,,,445,1.9228,0,518,2.7
U3RxpRnmWWA,latent 😂 #shorts,"Dec 17, 2024",17,0:00:13,60.71,76.68,,,482,1.7452,0,476,2.52
RMX-ts1s1es,Premanand Maharaj is Right 😡,"Aug 4, 2025",72,0:00:26,60.67,36.98,,,1469,6.4062,3,2727,1.94
qhXBPedjiwg,systumm nakli nikla 😡 #shorts,"Mar 8, 2024",13,0:00:13,60.56,101.01,,,8770,31.9368,19,927,2.59
QfAvDKY6iTw,gufa 😂 #shorts,"Jan 3, 2025",52,0:00:21,60.56,41.48,,,622,3.6649,0,622,0.16
MNwv0PPncXk,Overrated girls of instagram 😡,"May 29, 2025",58,0:00:31,60.55,54.55,,,9124,46.1639,4,2077,6.02
BPotE9a6yjo,why sejal exx 🤢 #treanding,"Nov 14, 2024",29,0:00:18,60.52,62.71,,,6710,33.87,17,1905,3.36
rMRVV1-cl-0,life of batchelor 😂,"Jul 9, 2024",9,0:00:08,60.3,97.09,,,484,1.1748,0,543,1.84
5uVusto2gSk,dark queen sejal sister roast #treanding,"Nov 16, 2024",14,0:00:11,60.28,79.66,,,4158,12.8565,4,4794,8.57
yTM6LxItKus,sejal exx😑 roast queen of dark humour #shorts,"Nov 12, 2024",27,0:00:18,60.08,67.22,,,5473,27.5743,6,3944,5.38
zj0SsmmfOnQ,Kota Students Story💀 #funny,"Mar 19, 2024",10,0:00:11,60,114.23,,,3,0.0095,0,4,75
ukLhp2RINQ4,Most Educated Girls 💀,"Jul 1, 2025",60,0:00:37,59.83,62.32,,,4091,22.1611,7,2630,7.45
_N9pdLITPj4,rajat vs ravi #comedy,"Nov 17, 2024",16,0:00:14,59.72,90.05,,,9477,37.8156,5,1561,0.83
DHJzK5RnkuU,Instagram ke chapri 😂 #funnycringe #comedy,"Jun 2, 2024",37,0:00:16,59.59,43.57,,,1352,6.0505,2,723,1.94
Qfad8Mzh7dE,the solution-2 💀 #shorts,"Dec 6, 2024",22,0:00:12,59.46,58.02,,,132,0.468,0,574,11.5
5sqpY3GrIqs,Kajal Reel Roast,"Apr 11, 2025",35,0:00:19,59.3,54.99,,,4385,13.7533,3,1552,3.99
QFobTN8JCmY,Pakistan After Losing to India 😂,"Sep 30, 2025",48,0:00:26,59.21,54.7,,,6883,26.9864,5,8874,0.65
aGRB6N5TYuY,african momos 😱 #shorts #comedy,"Oct 29, 2024",34,0:00:17,59.09,52.69,,,13,0.0647,0,54,7.41
t8MrWUi71h4,costume cutter #shorts,"Dec 10, 2024",28,0:00:17,58.9,63.27,,,6018,29.0137,1,3681,0.52
YpI3I48VXpA,Kejriwal को जेल ! #viral #funny,"Mar 23, 2024",21,0:00:17,58.79,81.58,,,833,3.964,1,760,2.63
pUjSdnloPzI,lord puneet aur sheer #shorts,"Nov 26, 2024",27,0:00:16,58.64,60.68,,,1448,6.5636,0,1088,0.83
1RHG9KNAj-o,Painful Reality Of Kota 😡,"Sep 23, 2025",32,0:00:21,58.58,65.11,,,2758,8.2207,0,3749,5.55
GdBwqZU0Em0,Day-3 Reality Of Women #30dayschallenge,"Jul 8, 2025",47,0:00:25,58.48,55.1,,,615,2.485,0,147,14.29
OTS27g3bIXw,FUN ON HINDU 😱 #shorts,"Jan 13, 2024",35,0:00:25,58.45,73.23,,,3828,27.2424,3,1034,2.8
pfk2CtxO5To,Real Ghost Caught 😱,"May 1, 2026",34,0:00:23,58.32,69.68,,,5320,19.9662,37,3015,2.42
 -nRXRIdE3Jk,boys with iPhone 😅 #shorts #funny,"Mar 9, 2024",7,0:00:08,58.2,125.6,,,1871,4.5693,2,544,2.94
FUhtHg_vQB4,cringe girl 😂 #shorts,"Oct 1, 2024",37,0:00:20,58.16,54.62,,,2088,11.7111,4,842,0.95
_XHulpjxrDE,Danish Zehen Comeback is Funny 😂 #shorts,"Sep 20, 2024",40,0:00:22,58.09,56.4,,,1097,6.8465,3,798,2.13
vUidAnnYKFg,kajal sejal dark-12 #shorts,"Dec 25, 2024",39,0:00:14,58.04,37.04,,,502,1.98,0,889,3.82
z_he6iBE0MI,RIP For Poor,"Mar 16, 2025",50,0:00:26,58,53.31,,,42,0.2276,1,808,0.87
qRpoFd6FbDM,just a filler 😂 #shorts,"Jan 2, 2025",53,0:00:24,57.9,46.09,,,1585,10.69,0,472,0.64
FYZV6pz_Ebw,shilajit ❌ redbull ✅-1 #shorts,"Dec 10, 2024",46,0:00:21,57.65,46.22,,,438,2.5866,0,476,0.63
c0ujZ7UKvJA,Bts Army 🤮,"May 27, 2025",55,0:00:26,57.38,47.47,,,2971,12.039,6,1937,0.72
mYFE6uBU108,Cringe fitness 🤮 #shorts,"Apr 16, 2024",41,0:00:17,57.25,42.1,,,438,2.1003,2,487,2.87
iGasQtQYPiQ,cute boy of india 😂,"Jun 23, 2024",27,0:00:19,57.17,73.02,,,5386,29.4821,18,857,1.75
XSn-r6dhru8,@SamayRainaOfficial 😂 #shorts,"Jan 4, 2025",23,0:00:14,56.97,63.25,,,544,2.1506,0,714,0.98
G6PGqqZQiHg,Wasim Ne Joginder Ko 🤣,"Nov 16, 2025",31,0:00:19,56.75,63.32,,,1416,4.1616,0,342,7.6
qdGEGcbsj3g,Dark Comedy Roast on Kajal Pandey 😈 | #RelatableMemes #Funny #KajalPandey #Comedy #YTShorts,"Jan 28, 2025",40,0:00:20,56.44,52.37,,,78,0.3395,0,681,3.52
UM9m7_iYb7A,dark queen sejal exx roast 😱,"Nov 15, 2024",38,0:00:18,56.28,48.3,,,1776,9.054,3,1574,8.45
e_rXvj727UA,mikha singh 😂 #shorts,"Jan 2, 2025",51,0:00:22,56.01,44.55,,,540,3.3553,0,475,0.42
OfvNdUFPnZs,Gift ke lea shadi!,"Apr 4, 2024",7,0:00:08,55.76,117.1,,,2154,4.9046,1,476,3.78
K16OY2VcNVA,Maqsad 💀#shorts #roast,"Apr 29, 2024",7,0:00:08,55.6,125.12,,,303,0.7372,1,465,2.8
FxtwYBbvpAI,Miss Dhurandhar 🤣,"Mar 20, 2026",34,0:00:26,55.55,78.3,,,15478,57.7249,327,5683,7.04
bZ3pkn2rRsc,whole day,"Jul 8, 2024",25,0:00:16,55.52,67.42,,,1741,8.1509,4,479,1.25
N8G5PtXmLPc,bachelor life 😂,"Jul 10, 2024",8,0:00:08,55.06,110.1,,,643,1.5732,1,625,1.92
i9HHMfdV28k,Instagram Ke Saste Gangster,"Mar 15, 2025",38,0:00:17,54.95,46.08,,,77,0.2834,-1,858,2.33
yqwpIhXg3V0,badmosh jaat #shorts,"Nov 29, 2024",16,0:00:09,54.86,60.73,,,542,1.463,0,748,1.47
cySaeGcN3cc,kajal sejal dark-15 #shorts,"Jan 7, 2025",40,0:00:16,54.82,41.62,,,132,0.5119,1,996,1.91
p9KyoMK5DVE,unique ravan dahan 😂 #shorts,"Oct 16, 2024",29,0:00:22,54.71,76.71,,,496,3.0648,0,652,2.45
RzM9Ho-3NNQ,kajal sejal dark-2 #shorts,"Nov 24, 2024",29,0:00:20,54.11,70.56,,,3124,17.3833,3,3647,8.77
WBVJzccRhtc,Bts Girls In India 🤗,"Jun 4, 2025",54,0:00:24,53.99,45.33,,,5136,19.1331,11,1891,2.06
5xs5BmojXPo,muskankariya  😡 #shorts  #comedy,"Jun 6, 2024",43,0:00:22,53.96,52.22,,,341,2.1271,3,361,2.22
oRYUAmFxLEY,maheep singh 😂 #shorts,"Jan 2, 2025",60,0:00:28,53.68,47.1,,,2377,18.5628,2,1094,0.82
YFlVR6fEqlM,Sejal's Sister Roast 😡,"May 31, 2025",59,0:00:27,53.64,46.35,,,1413,5.6342,0,1266,6.24
a2QEr7cBqsQ,sejal exx roast💀 part 2 #shorts,"Oct 2, 2024",36,0:00:21,53.53,60.38,,,3604,21.7059,4,1228,1.87
X0C4isqcMsM,Kajal Ji Roast 😂,"May 16, 2025",55,0:00:28,53.44,51.31,,,10294,43.1265,5,1570,2.8
XeSmWfrD92I,Really 🤔,"Jun 17, 2025",60,0:00:23,53.24,38.92,,,7738,27.1447,0,2206,1.99
la02XkgImXI,reality of chandra harsh 🤧 #shorts,"Feb 21, 2025",57,0:00:26,52.95,46.2,,,884,5.8278,0,2904,4.06
UISOFnrWpBU,The Kajal Sejal 😱,"May 28, 2025",59,0:00:18,52.69,31.83,,,879,2.4918,0,1016,2.66
n5ceexn7pX8,girls new demand 😂 #shorts,"Oct 19, 2024",45,0:00:18,52.63,40.88,,,479,2.4478,1,550,2.18
 -uUEWnRiNmM,Kajal Pandey Roast 🌚 Wait For End #shorts,"Sep 25, 2024",36,0:00:18,52.58,51.88,,,583,3.0246,0,584,10.96
3bNab5ebX9I,what happened sejal #shorts,"Nov 15, 2024",21,0:00:13,52.56,63.45,,,3600,13.2894,4,1687,3.68
Bryj9-NKloM,Iit baba prediction fail 😂 #cricket,"Feb 23, 2025",22,0:00:13,52.5,59.78,,,750,2.687,1,689,1.31
75MwikMkJd4,kaali raat 😂 #shorts,"Jan 2, 2025",26,0:00:16,52.46,64.74,,,2044,9.5169,1,540,0.56
HNt2niuIjyo,DRAMA OF NEWS MEDIA ON PARLIAMENT ATTACK  #viral,"Dec 13, 2023",27,0:00:20,52.42,75.86,,,4329,24.4952,8,1848,2.6
nkPqmihiMHY,black momos 🤮 #comedy #funny,"Oct 29, 2024",34,0:00:13,52.34,39.19,,,593,2.1948,0,713,1.54
UFOOs8Pa6i4,sendha namak ka power 😂 #funny,"Mar 17, 2024",13,0:00:12,52.26,94.91,,,5890,19.9791,8,2204,6.81
SFhrwv7kP8Q,Aarush Bhola Roast,"Mar 22, 2025",35,0:00:19,52.08,55.31,,,781,3.8846,0,2180,2.16
i804SS1HsqM,Ek Dost Aisa Bhi 🤣,"Jan 25, 2026",18,0:00:14,52.07,79.6,,,6230,12.1263,5,5485,1.09
8b0P9ha-Jjw,chaddi girl 😂 #shorts,"Dec 22, 2024",36,0:00:18,52.03,51.13,,,627,3.2061,0,521,4.99
EMf5HYqrQWM,Urfi Javed Helicopter Dress,"Mar 30, 2025",39,0:00:14,51.96,37.79,,,895,2.5621,0,1302,1
OtgTzOW8-7A,Evergreen chapri girl 🤢 #shorts,"Apr 19, 2024",33,0:00:13,51.85,41.34,,,487,1.8453,1,492,2.03
3Z9wFKdne5E,gen z baba abhinav arora 😂 #shorts #funny,"Oct 26, 2024",46,0:00:30,51.34,66.33,,,5519,46.4146,5,2580,1.4
O064c9QVv0o,Hamza Syed Roast 🔥,"May 12, 2025",64,0:00:27,51.29,43.58,,,2670,10.3574,2,8880,3.13
PsPj0R0f4Oo,lord puneet animal #shorts,"Dec 6, 2024",22,0:00:12,51.28,59.84,,,81,0.2827,1,610,7.7
TSLAZKuI3zQ,Dark chocolate boi 😱#shorts,"Apr 15, 2024",40,0:00:15,51.23,37.62,,,418,1.7473,4,420,3.1
xxZ5BS-QEvU,motivational speaker ka baap 😂 #shorts #funnycringe,"Jun 12, 2024",32,0:00:19,51.08,58.62,,,3051,16.3691,9,702,1.28
Z3HT_Lxt7n4,reality of aman baisla 😂 #shorts,"Feb 17, 2025",53,0:00:27,50.9,52.59,,,833,6.1206,0,1661,3.31
Z6KBSOf62T8,World Biggest Beggar,"Apr 26, 2025",43,0:00:21,50.62,49.74,,,2067,6.2209,3,1387,0.94
Da0pkHxXDG8,Bts army roast 😡 #shorts,"Jul 17, 2024",27,0:00:22,50.38,82.42,,,5399,26.777,9,6665,6.27
DOApzD7E9NU,Bts Craze In Girls 😱,"Jun 10, 2025",50,0:00:26,50.34,52.71,,,4504,16.7752,5,2187,2.51
4tmcXZArd84,latent roast 😅 #shorts,"Dec 7, 2024",22,0:00:16,50.23,74.55,,,439,2,0,548,1.28
ugDydQmdV3Q,kajal sejal dark-11 #shorts,"Dec 24, 2024",39,0:00:19,50.21,50.97,,,750,4.0568,1,1034,2.51
p0QtzIlDgX0,Baba Ji X Modi Meme Reaction,"Mar 31, 2025",45,0:00:18,50.13,40.9,,,1117,3.1215,0,1373,0.8
yCYowTjpFTE,Safety 😂 #shorts,"Jan 30, 2025",13,0:00:17,50,138.08,,,2,0.01,0,0,
oAJjiTaFhAE,Reality of German Shepherd 😱#bjp #viral,"May 6, 2024",53,0:00:53,50,100.94,,,3,0.0446,0,0,
YcBxjJ5ZEo8,Fokus Fake Drink Exposed,"Mar 19, 2025",33,0:00:26,49.85,79.11,,,2446,17.5177,1,1146,1.05
xed9ZtstTZA,ALERT ! #shorts,"Dec 18, 2023",6,0:00:07,49.67,125.91,,,1375,2.8585,0,1124,2.76
2MQ0R3W5a0g,papa kaise hai 😂 #shorts,"Jan 2, 2025",55,0:00:25,49.58,46.33,,,1208,8.4552,0,514,0.58
7u-rSbfge0Q,gareebo ka ajay devgan 😂 #shorts,"Apr 20, 2024",31,0:00:20,49.58,65.06,,,297,1.6638,0,417,4.56
q1lzBro7SXo,modern police Enjoy dance With Duty 😀 #shorts,"Dec 15, 2023",27,0:00:18,49.2,69.21,,,3224,16.6111,3,1739,1.9
 -AWGbwyFwRQ,nada 😂 #shorts,"Jan 3, 2025",59,0:00:25,49.16,43.8,,,540,3.7805,1,692,0.29
G3LrWSClSfA,instagram ke baba 😂 #shorts,"Sep 23, 2024",15,0:00:15,49.09,103.78,,,27,0.1167,0,667,1.2
49giwJjgApE,bakl@nd  business wala 😂 #shorts,"Feb 2, 2024",24,0:00:17,48.98,72.71,,,3225,15.5742,0,1166,1.37
ona2wUkXnRs,aaj kal ki ladkiya 😆 #shorts,"Nov 28, 2024",21,0:00:15,48.73,74.24,,,975,4.1935,2,1038,1.45
5XiASzQsrM0,NO P*RN #30dayschallenge,"Jul 2, 2025",48,0:00:22,48.64,46.17,,,1691,5.3001,2,3189,3.92
hkjUheRAR3k,Power Of Bihari 🔥,"Jun 23, 2026",35,0:00:19,48.61,54.53,,,3697,9.6794,6,495,10.51
cCNmfslWBQc,aukat! #shorts,"Dec 31, 2023",22,0:00:18,48.27,86.1,,,4966,26.0641,9,1662,2.17
oVfEXdhAIts,Mehnat 🔥 #shorts,"Oct 15, 2024",16,0:00:09,48.27,58.53,,,473,1.2305,2,520,1.35
w-JSU1463aA,cringe shorts pt-1😂,"Jun 22, 2024",30,0:00:19,48.15,64.94,,,821,4.4428,3,437,0.92
mkwjlKRJP0w,OG Workout 😂,"Jul 27, 2025",60,0:00:29,48.06,49.79,,,1536,6.0476,1,2233,1.25
1-aQXsJ5Xp8,Hindustani bhau angery 🤬 on samay Raina #shorts,"Feb 22, 2025",45,0:00:21,48.05,48.43,,,985,5.8221,0,780,0.9
vElZRnenrCo,UP ka badmash baccha 😱 #shorts #roast,"Apr 24, 2024",60,0:00:31,48,52.95,,,48,0.4236,0,13,53.85
4-r_KP8rKbw,15 August Special Cringe 😂,"Aug 15, 2025",57,0:00:34,47.86,60.78,,,2395,10.7926,6,2543,4.95
ASF9JW4GGQs,kajal sejal dark-3 #shorts,"Nov 27, 2024",46,0:00:22,47.8,47.95,,,1426,8.6562,1,1776,2.98
B6lRNCLVAFM,kota student story #funny,"Mar 19, 2024",10,0:00:10,47.76,101.55,,,891,2.4979,2,915,2.08
J8Qbu3Czqag,Instagram's budget motivator 😂 #shorts  #funnycringe,"Jun 16, 2024",38,0:00:18,47.74,47.12,,,1384,7.2328,2,579,1.21
4e1L-huIseg,VLOGERS ki duniya!  🤯 #shorts #funny,"Dec 17, 2023",25,0:00:20,47.73,80.27,,,5092,28.2835,10,2057,1.8
cXRPQRpDdGU,I Roasted BTS ARMY,"Apr 8, 2025",46,0:00:27,47.56,59.03,,,3393,11.6926,2,2091,6.41
p4m7fFvs3EQ,Power of ? 😅 #shorts,"Mar 17, 2024",13,0:00:10,47.5,84.25,,,19,0.0578,0,1,100
dwZH2pclFXY,L@nd DOCTOR OF INSTAGRAM 😱 #shorts,"Feb 4, 2024",27,0:00:14,47.34,53.97,,,1501,6.0573,8,1104,1.81
roPghI6Qlnw,cringe attitude reels roast 😂 #shorts,"Oct 3, 2024",28,0:00:15,46.84,54.23,,,479,2.0204,0,548,1.09
vbPHLixmFD8,sejal exx roast 😅 wait for end #shorts,"Dec 3, 2024",27,0:00:14,46.75,53.33,,,180,0.72,0,1040,9.23
NqBVnYP_ArU,Instagram Treand Gone Wrong 😂,"Sep 14, 2025",30,0:00:20,46.62,67.27,,,1421,3.5966,6,2537,1.62
bycihJjwq9c,nibba is worst than you thought 🤣 #comedy #shorts,"Nov 5, 2024",42,0:00:17,46.42,41.21,,,551,2.6489,2,934,2.89
bSalNdVY_gk,Arman Malik Wife 🥵,"Jun 18, 2025",67,0:00:36,46.3,54.53,,,2335,10.6786,1,2540,3.62
E8TkZh4AN7U,danish zehen  😂 #shorts,"Sep 21, 2024",40,0:00:21,46.25,54.44,,,820,4.9599,4,450,2.44
 -bKWn1Evmp0,kajal sejal solution #shorts,"Dec 8, 2024",22,0:00:16,46.07,77.13,,,3819,17.9553,3,5137,10.32
F-9oj4hV2vY,kaminey dost 😂,"Jun 20, 2024",43,0:00:22,45.87,51.82,,,2043,12.611,1,688,0.73
u7vYhpwt3lU,R.I.P BTS fans🤣🤣 #roast #shorts,"Aug 17, 2024",15,0:00:18,45.79,125.13,,,2348,11.742,10,2789,3.23
fx1rzgBPyoY,chapri bois🤣 #shorts,"Oct 13, 2024",29,0:00:18,45.76,64.4,,,473,2.454,1,662,1.96
HVS3SVIzFFQ,jiyan hai aap😅 #shorts #funny,"Mar 7, 2024",6,0:00:08,45.69,141.21,,,686,1.6145,2,1347,4.01
aqFIX4_5MSQ,Pakistani Meme Reaction,"Mar 31, 2025",48,0:00:27,45.64,56.96,,,2273,8.1471,1,2515,0.64
E-ZE-XgdZ_4,Sugar Daddy Meme Reaction,"Apr 1, 2025",56,0:00:14,45.56,25.29,,,962,1.9593,0,1507,0.86
AMwevOGJgwU,Online Show-Off Gone Too Far!,"Mar 17, 2025",39,0:00:19,45.47,50.46,,,555,2.9687,1,842,0.48
RrtphhJF-lo,shadi pe gift😬 #shorts,"Mar 15, 2024",12,0:00:12,45.28,100.77,,,518,1.7399,2,413,3.15
2uFpWvNAHg8,गुटखा premi 😂 #shorts #roast,"Apr 22, 2024",32,0:00:17,45.23,54.21,,,403,1.9418,0,439,3.42
pM9o3XNt7Q4,rip pysics and logic 🤣 #shorts,"Sep 29, 2024",38,0:00:17,45.06,46.98,,,452,2.2413,0,458,3.93
amcd02T1E60,elvish ki sachi 😡 #shorts #viral,"Mar 10, 2024",43,0:00:32,44.99,76.74,,,1489,13.6044,2,921,2.17
i3C0V-G1jk0,auto tune reaction #shorts,"Dec 9, 2024",46,0:00:20,44.78,44.48,,,3706,21.0433,1,825,1.45
gYejZUST_sI,instagram ki nibbiya 😂😂 #shorts  #funnycringe,"Jun 13, 2024",26,0:00:17,44.76,58.82,,,1277,6.205,4,641,1.4
_VGaQ_A_Cl4,Rakshabandhan Cringe || mobster manav || #shorts #shortsfeed,"Aug 30, 2023",46,0:02:43,44.58,356.52,,,371,16.9008,7,897,1.9
kkybk2kJK6Y,Bihari Song Roast 😂,"May 14, 2025",56,0:00:23,44.44,41.61,,,839,2.4081,0,1708,1.46
7VNKwVs8V_M,Viral girls playing HOLI in Delhi Metro 🚅,"Mar 25, 2024",36,0:00:18,44.29,50.19,,,1580,7.8876,3,1817,1.49
j_JIiPhl-pw,Khan Baba Roast 😂,"May 19, 2025",53,0:00:22,43.99,42.83,,,1496,4.2103,5,2053,2
TgO3Wc2Tohk,Puneet Superstar vs Rajat Dalal,"Mar 7, 2025",26,0:00:14,43.76,55.19,,,566,2.0621,1,1144,0.96
2vIX3LGO-fA,Rise And Fall Salary Pawan Singh 🫨,"Sep 19, 2025",33,0:00:18,43.41,57.4,,,1520,3.454,0,3194,0.94
0ACbthyB0ZE,gen z baba exposed 😂 #comedy #funny,"Oct 28, 2024",40,0:00:19,43.25,48.75,,,602,3.261,3,713,1.82
9qWEh_4tZUo,bodycount 😂 #shorts,"Jan 3, 2025",30,0:00:20,43.04,66.7,,,548,2.9626,0,674,0.74
rgIcQy5hlHs,Pakistan Pagal Ho Gaya 🤣,"Mar 28, 2026",35,0:00:18,42.95,53.56,,,1750,4.2821,6,245,10.61
dNBU3YVvXoU,Fake Bollywood Star 😡,"May 17, 2025",41,0:00:19,42.89,46.55,,,827,2.0155,0,643,1.4
3jW8AWsZR7M,sejal exx😂roast,"Sep 23, 2024",34,0:00:20,42.88,58.88,,,526,2.9249,1,1039,5.97
P7cnQbGhY6o,Happy Independence Day! #shorts,"Aug 15, 2024",15,0:00:12,42.86,84.34,,,66,0.2319,0,47,25.53
n-_DdnYfhEc,cringe saurav joshi 😂 #shorts,"Oct 24, 2024",31,0:00:11,42.68,37.85,,,438,1.4274,1,509,0.98
qQPPktNgCWg,Best chapri collab 2024 🤮#shorts #roast,"Apr 27, 2024",52,0:00:17,42.59,33.03,,,484,2.3094,1,604,2.98
9QBp_pfc-dc,food vloger #shorts,"Nov 27, 2024",32,0:00:17,42.59,54,,,598,2.8571,0,916,0.33
gMfr8M9EJXk,hate comments! #viral #shortvideo,"May 28, 2024",24,0:00:15,42.47,64.49,,,592,2.5245,1,721,1.94
86D4N46I_Vc,king of pubg 😂 #funny #funnycringe #shorts,"Oct 25, 2024",31,0:00:18,42.39,61.05,,,782,4.0957,2,762,1.18
UqtEspr5ANg,Roast Aayushi 😂,"Jul 4, 2024",40,0:00:19,42.19,48.52,,,2488,13.4017,9,898,4.68
7WesqwPJaVI,badmash baccha 😱,"Apr 13, 2024",38,0:00:16,42.15,44,,,462,2.1459,3,378,1.32
qQ1v3ZQSxps,chapri's favorite food #shorts,"Nov 27, 2024",23,0:00:15,42.14,65.91,,,1007,4.1339,1,1134,2.29
fvbAONUsDo0,nibba nibbi ki prem kahani 😂 😂,"Jun 29, 2024",34,0:00:21,42.13,64.23,,,1523,9.215,5,828,1.81
uRlsZrRhReE,happy diwali 😂 #shorts #funny,"Oct 30, 2024",34,0:00:17,42.09,51.15,,,419,2.024,2,718,0.84
eTPydoLbSKA,reels ka virus 😂 #shorts  #funnycringe,"Jun 14, 2024",34,0:00:22,41.89,59.99,,,2064,12.6363,5,622,0.96
uI_51Sl2rk4,bts popat 😂 #bts #funny #shorts,"Jun 3, 2024",38,0:00:15,41.87,41.88,,,489,2.1616,3,437,2.06
qhk86CksTBs,Friendly @devikagupta029 Roast 😜,"Aug 8, 2025",60,0:00:31,41.84,52.74,,,2451,9.2033,0,2684,8.76
08uBZtl58X0,family vloger roast 😂 (part-3) #shorts,"Oct 21, 2024",29,0:00:12,41.75,44.16,,,433,1.5135,0,1054,1.61
trO0EVD7c2Q,Why People Hate BTS,"Mar 23, 2025",42,0:00:25,41.71,60.47,,,1176,7.9379,0,1335,1.72
aebpRozN5k8,Kha Liya 🤣,"Dec 19, 2025",35,0:00:21,41.67,62.79,,,38,0.1003,0,7,14.29
EUFX6U75nAo,Day-2 Iphone Madness In India #30dayschallenge,"Jul 7, 2025",45,0:00:19,41.63,44.2,,,785,1.9693,0,152,9.87
Suj4v5zNdbI,carry vs ajaz khan Roast 😱,"Jul 8, 2024",35,0:00:21,41.5,61.06,,,753,4.4476,2,909,0.88
cO4EVqynzk8,Potato thief 😱 #shorts #comedy,"Nov 2, 2024",47,0:00:23,41.24,50.47,,,670,4.4145,3,986,2.33
yOW-oo-wzoM,Badmashi In Dubai,"Apr 4, 2025",35,0:00:17,41.19,49.64,,,1173,2.4711,0,1286,0.93
TCW-K3DFzAw,shubh ka baap 😂 #funny #comedy,"Oct 27, 2024",46,0:00:19,41.15,42.72,,,423,2.3091,1,548,1.82
0AoBh2VzZ50,food vloger of india 😂,"Jun 28, 2024",21,0:00:14,41.03,67.48,,,892,3.5114,3,461,3.47
fC8lZbA9QcU,Pawan Singh Rise Or Fall 😂,"Sep 18, 2025",32,0:00:18,41.01,57.66,,,1414,3.0743,1,2721,0.88
AI1BhMW8vjE,RAHUL GANDHI MEME MATERIAI OR ? #shorts #shortsfeed #reaction,"Nov 29, 2023",32,0:00:20,41,57.89,,,1116,6.0905,2,1332,2.85
IeuKgWRHQLQ,ladko ki dushman 😂 #shorts #viral,"Jun 15, 2024",37,0:00:20,40.81,51.68,,,776,4.4083,1,614,1.3
BW06OGhuZoo,Kha gya kattar Hindu 😐   #shorts,"Mar 8, 2024",32,0:00:19,40.77,61.66,,,454,2.4884,1,365,2.19
37VbKn2WNoQ,Jeet Kaise gya 😱,"Jun 22, 2025",58,0:00:21,40.49,37.7,,,903,2.3865,1,382,3.4
96mkb949QPU,INSTAGRAM KA  SCIENTIST 😂 #shorts,"Jan 7, 2024",31,0:00:17,40.33,55.89,,,2510,12.0261,12,1114,2.87
kJ3VAS8TSZM,request to ‎@souravjoshivlogs7028  #shorts,"Nov 23, 2024",34,0:00:18,40.27,54.43,,,796,4.0783,3,961,1.56
FDGerL2Itww,dhruv rathee ka sach😱 #viralshorts #memes #shortvideo,"May 22, 2024",48,0:00:18,40.26,38.95,,,432,2.2433,1,472,3.39
UA9WSKwZQ5c,Desi politicians on chandrayaan 3 || mobster manav || #shorts #politics,"Aug 25, 2023",60,0:00:47,40.16,79.77,,,1775,22.9189,1,1724,5.68
vUTxHtSf0IU,Shocking Sejal Exx 😱,"Jun 7, 2025",42,0:00:26,39.97,63.85,,,12621,37.7967,12,2568,3.7
6w6OD9vGqgs,sandeep maheshwari ka beta 😂 #shorts,"Sep 27, 2024",27,0:00:16,39.81,60.65,,,633,2.8795,1,944,2.44
uG7WKIVpozE,cringe vloger 😂 #rooast,"Oct 21, 2024",29,0:00:12,39.74,44.13,,,426,1.5145,0,513,0.39
MYv02zKLFxo,Nibba Nibbi roast 😂#short,"Mar 12, 2024",48,0:00:32,39.04,68.38,,,4690,42.694,6,1535,1.95
l3LsnAoRe3M,rajat roast 😂 #shorts,"Oct 12, 2024",28,0:00:12,38.92,45.66,,,455,1.6158,0,568,2.64
FLVrHeu0sCI,Badmash chacha👽 #shorts #roast  #funny,"Apr 21, 2024",25,0:00:13,38.57,54.68,,,297,1.1278,1,408,4.17
zm3FKc0VbIU,samay raina controversy #shorts,"Feb 13, 2025",42,0:00:17,38.37,41.42,,,547,2.5823,0,610,1.15
n_K4t3D3XG4,JJ Communication Reality 😱,"Mar 11, 2025",32,0:00:23,38.25,73.27,,,1793,10.2205,4,3534,2.91
QMX-b_PbMEQ,SCAM MARKETING 😱#shorts #funny,"Feb 17, 2024",54,0:00:26,37.9,49.57,,,499,3.7102,5,878,3.19
gSTqFysDBQA,Rebel Kid Comeback,"Apr 10, 2025",59,0:00:23,37.83,39.98,,,2191,5.8021,0,1191,2.02
pDp_rcRKZ2o,Systumm hai 💀 #viral,"Mar 22, 2024",29,0:00:14,37.65,48.51,,,451,1.7623,1,290,4.14
Ocrx5qGBHm4,popat ho gya 😂 #shorts #funny,"Oct 31, 2024",44,0:00:19,37.29,45.05,,,465,2.5602,1,818,1.71
rbnFpzZKDUY,Bad News For Hindu,"Apr 23, 2025",38,0:00:18,37.1,49.66,,,144,0.2815,1,1039,1.15
yxUazFNfjis,elvish in jail 😱 #viral #elvishyadav,"Mar 21, 2024",51,0:00:21,36.91,42.45,,,492,2.9586,0,515,2.14
3DTWdxXQYQE,Daru se itna pyaar! 😂,"Oct 5, 2024",34,0:00:18,36.88,54.11,,,462,2.3609,0,600,2
 -XPcZMFc_fs,Elvish yadav ke drivers 😱#shorts #roast,"Apr 28, 2024",58,0:00:23,36.68,40.74,,,694,4.5305,4,1209,3.06
bJV3DbErGas,sejal ka bhai 😂 #comedy,"Nov 17, 2024",25,0:00:16,36.48,67.55,,,1171,5.4698,0,1224,1.14
barMIs3eoMY,raja vlog😡 #rajavlogs #funny #shorts,"Feb 25, 2024",51,0:00:19,36.4,38.02,,,372,2.0035,2,970,2.16
UwTg8p5E5Gg,government these days #indiagotlatent #samayraina,"Feb 13, 2025",42,0:00:14,36.03,35.11,,,543,2.1755,2,638,1.25
9bMhtLR6L9w,Kajal Arman Collab 🤔,"Jun 26, 2025",53,0:00:22,35.79,42.93,,,2493,6.1419,2,2684,6.33
K9w9hxN5wio,Fake Instagram Millionaires  #comedygenre #funny #roast,"Feb 22, 2025",57,0:00:23,35.68,40.77,,,455,2.8156,0,848,0.59
 -veO_rt5e1k,Saiyaara Craze is Getting Out of Universe 😩,"Jul 30, 2025",53,0:00:19,35.51,36.45,,,2037,4.1991,1,2516,1.55
WQ71_Ls-RwQ,best singer of Pakistan 😂#shorts #roast,"Apr 23, 2024",56,0:00:25,35.48,45.09,,,2486,17.3561,6,913,2.52
OSIhmHsGMgU,rajat dalal in bigg boss roast 😂 #shorts,"Oct 9, 2024",32,0:00:15,35.27,48.77,,,551,2.3886,0,584,3.77
nKq-78T0yjo,mumbai road #shorts,"Sep 8, 2024",16,0:00:13,34.96,85.76,,,537,2.0469,0,41,19.51
