content,video_title,video_publish_time,duration,average_view_duration,stayed_to_watch_percent,average_percentage_viewed_percent,new_viewers,regular_viewers,views,watch_time_hours,subscribers,impressions,impressions_click_through_rate_percent,performance_tier,publish_hour,day_of_week,title_length,video_age_days,predicted_tier
Total,Unknown,,34.0,0:00:27,78.17,83.65,0.0,0.0,34838847,155526.0243,102851,6257163,6.19,Top,0.0,0.0,7,0.0,Top
BV4cpH3lDt0,Best Makeup 🤣,2025-10-02,29.0,0:00:27,100.0,95.52,0.0,0.0,5,0.0231,0,3,0.0,Low,0.0,3.0,13,268.0,Low
0NMT9nrJzuI,Fake family vlogs @souravjvlogs 💀 #roast #shorts,2024-04-26,43.0,0:00:43,100.0,100.46,0.0,0.0,4,0.048,0,6,66.67,Low,0.0,4.0,48,792.0,Low
9OjZUPHBM9g,kids on instagram 😂 #shorts,2024-10-06,30.0,0:00:26,100.0,88.3,0.0,0.0,6,0.0442,0,0,3.02,Low,0.0,6.0,27,629.0,Low
QaXodascN24,sorry BTS army 😂 #shorts,2024-08-16,15.0,0:00:16,100.0,106.79,0.0,0.0,5,0.0222,0,0,3.02,Low,0.0,4.0,24,680.0,Low
kmwKp3a_Sro,easy way to earn money 😂,2024-07-13,11.0,0:00:09,100.0,84.28,0.0,0.0,2,0.0052,0,0,3.02,Low,0.0,5.0,24,714.0,Low
Jt34Cdtve28,BTS Army VS Indian Hater 😂 #short,2024-08-16,15.0,0:00:13,100.0,91.3,0.0,0.0,6,0.0228,0,0,3.02,Low,0.0,4.0,33,680.0,Low
lMQoTH_hUTA,Systumm fail Diss-track,2024-04-06,34.0,0:00:38,100.0,111.88,0.0,0.0,2,0.0211,0,0,3.02,Low,0.0,5.0,23,812.0,Low
yCXXegh7Zsw,reels ki rani 😁#shorts #funny,2024-06-05,48.0,0:00:45,100.0,95.76,0.0,0.0,4,0.0511,0,0,3.02,Low,0.0,2.0,29,752.0,Low
 -pvZz7Zj4QM,Muskan Karia Roast  💅,2025-10-01,45.0,0:00:23,90.91,52.9,0.0,0.0,23,0.1332,0,38,26.32,Low,0.0,2.0,21,269.0,Low
ZGPkoUok00w,China ka choda 👽,2024-04-14,41.0,0:00:37,88.24,92.04,0.0,0.0,15,0.1572,2,15,40.0,Low,0.0,6.0,16,804.0,Low
PP7MXNosd8E,Khyati G Sharma Roast,2025-04-28,62.0,0:00:26,87.77,43.33,0.0,0.0,7531,45.0237,9,32985,11.47,Mid,0.0,0.0,21,425.0,Top
MNsiPqneemU,Cute Chhaprii 🤣,2025-12-13,32.0,0:00:26,87.38,82.12,0.0,0.0,25626,123.4272,82,3649,4.11,Top,0.0,5.0,15,196.0,Top
95ej3kw2m1I,Biggest Chappri Of World 🤣,2025-12-08,38.0,0:00:30,86.57,80.42,0.0,0.0,21256,127.869,36,2965,6.0,Top,0.0,0.0,26,201.0,Top
 -Cr2c3tmDdQ,Biggest Chappri Ladkiya 🤣,2025-12-07,30.0,0:00:25,86.46,84.25,0.0,0.0,25031,111.6323,41,2767,3.11,Top,0.0,6.0,25,202.0,Top
CxCuM-dTK10,Kya Aunty Sundar Hai 🤣,2025-12-24,37.0,0:00:30,86.39,81.12,0.0,0.0,28906,165.3236,111,8925,1.75,Top,0.0,2.0,22,185.0,Top
QkNhIPcXd8E,Chapri Salon Wala 🤣,2025-12-09,28.0,0:00:23,86.1,84.67,0.0,0.0,25421,104.1192,31,3464,1.7,Top,0.0,1.0,19,200.0,Top
VIE4vUMOEBY,Power Of Makeup 3 🤣,2026-01-26,29.0,0:00:24,85.92,83.43,0.0,0.0,33696,139.9316,24,7481,5.43,Top,0.0,0.0,19,152.0,Top
leWRMhxlbF8,Puneet Superstar Ka Khana 🤣,2025-12-05,26.0,0:00:23,85.1,92.26,0.0,0.0,29270,118.5494,58,4299,3.23,Top,0.0,4.0,27,204.0,Top
PVEeJUVZ4Bo,Biggest Heart Break 2 🤣,2025-12-11,37.0,0:00:31,85.09,84.26,0.0,0.0,26216,143.1122,85,3141,4.2,Top,0.0,3.0,23,198.0,Top
MItJYqfKcHA,Arush Bhola Vs Arbaaz Patel 🤯,2025-09-12,37.0,0:00:30,85.0,81.69,0.0,0.0,24130,134.1449,12,18757,5.02,Top,0.0,4.0,29,288.0,Top
b0EW1fPrBbA,Biggest Chapri Bike 🤣,2025-11-17,31.0,0:00:26,84.14,84.81,0.0,0.0,29218,125.2458,58,5275,1.95,Top,0.0,0.0,21,222.0,Top
QApXRSMKU5k,Powerful Shadi Ever 🤣,2026-06-08,34.0,0:00:25,83.89,74.21,0.0,0.0,25572,116.6112,321,2261,5.26,Top,0.0,0.0,21,19.0,Top
gtzETz-F2QQ,Chappri Ka Power 🤣,2025-12-22,29.0,0:00:22,83.86,76.35,0.0,0.0,24005,102.1589,144,4311,3.9,Top,0.0,0.0,18,187.0,Top
-6UJPIo1uW0,Dubai Ka Truck Driver 🤣,2026-01-16,33.0,0:00:25,83.85,78.16,0.0,0.0,26606,122.7593,48,6384,3.74,Top,0.0,4.0,23,162.0,Top
UW5VAQv9cAw,College Ka Pyar 🤣,2025-12-23,35.0,0:00:29,83.84,85.63,0.0,0.0,27850,148.7986,79,8757,2.01,Top,0.0,1.0,17,186.0,Top
zbP7i3VOKHU,Kashish Kapoor Comment On Bappa 😱,2025-09-06,32.0,0:00:24,83.7,76.1,0.0,0.0,13566,56.515,22,2798,2.14,Mid,0.0,5.0,33,294.0,Mid
F2y-xgtzEHM,Ye Chahta Kya Hai 🤣,2025-12-03,35.0,0:00:29,83.38,83.96,0.0,0.0,36822,184.2595,167,3153,4.57,Top,0.0,2.0,19,206.0,Top
Dwdgbe2F8Xc,Best Tecknologia 🤣,2025-10-28,36.0,0:00:23,83.31,65.09,0.0,0.0,17788,75.4461,8,6129,3.07,Mid,0.0,1.0,18,242.0,Mid
CF0IlaMebJ0,Ye Nahi Sudhregi 🤣,2025-12-09,41.0,0:00:33,83.26,82.64,0.0,0.0,24957,154.2524,37,3054,3.8,Top,0.0,1.0,18,200.0,Top
aiaxyUtU8q8,Puneet Superstar Is Back 🤣,2025-11-02,33.0,0:00:27,83.23,84.57,0.0,0.0,47471,214.3349,119,8235,4.32,Top,0.0,6.0,26,237.0,Top
Soa0LZNHRx8,toxic husband 🤫 #shorts,2024-08-24,16.0,0:00:11,83.1,72.3,0.0,0.0,3835,12.3111,4,804,2.99,Mid,0.0,5.0,23,672.0,Mid
j-WqOLvxtxQ,Urfi Devi Ka Comeback 🤣,2026-01-29,30.0,0:00:22,83.05,74.86,0.0,0.0,18943,77.1732,25,7843,7.84,Top,0.0,3.0,23,149.0,Top
wABQetHqJxI,Bhai Behen Ya Couple 🤣,2025-12-12,32.0,0:00:28,82.98,87.56,0.0,0.0,28448,130.9192,21,3238,2.47,Top,0.0,4.0,22,197.0,Top
TMKiYeAa7ro,Best Makeup Transitions 🤣,2025-12-16,36.0,0:00:29,82.85,81.93,0.0,0.0,26282,135.3271,43,3887,3.45,Top,0.0,1.0,25,193.0,Top
d9CL60BTVRI,Biggest Heart Break 🤣,2025-12-10,36.0,0:00:30,82.8,85.87,0.0,0.0,32477,166.4728,70,3383,3.52,Top,0.0,2.0,21,199.0,Top
66VoiD8rDN4,Biggest No 1 Chappri Is Back 🤣,2025-12-02,34.0,0:00:29,82.71,87.05,0.0,0.0,29633,152.5383,213,3140,6.69,Top,0.0,1.0,30,207.0,Top
L1GALfYU1qc,Too Much Attitude 🤣,2026-05-31,33.0,0:00:26,82.63,79.18,0.0,0.0,27747,118.8653,245,3595,2.84,Top,0.0,6.0,19,27.0,Top
RjJTsjUbvWw,Ajeeb Chapri Hai 🤣,2025-12-02,32.0,0:00:25,82.5,79.21,0.0,0.0,28199,126.7478,140,2995,3.11,Top,0.0,1.0,18,207.0,Top
ovzTHABOIJ0,Power Of Bihari 🤣,2026-03-03,33.0,0:00:23,82.43,70.31,0.0,0.0,279579,1210.3488,14103,11460,3.77,Top,0.0,1.0,17,116.0,Mid
IEwxKdRW5J8,Puneet Superstar Ka Breakfast 🤣,2025-12-16,35.0,0:00:28,82.4,80.83,0.0,0.0,20759,105.2102,56,5709,3.98,Top,0.0,1.0,31,193.0,Top
L2JgTHaQHwY,Biggest Chappri Bahu 🤣,2025-12-12,33.0,0:00:25,82.39,77.55,0.0,0.0,15737,71.8162,26,3142,2.83,Mid,0.0,4.0,22,197.0,Mid
KbjS91adDfc,Dukan Kharid Liya 2 🤣,2026-01-19,31.0,0:00:27,82.28,87.54,0.0,0.0,35564,171.6471,73,6774,3.4,Top,0.0,0.0,21,159.0,Top
s7GwazsGufI,Biwi No 2 🤣,2025-11-26,24.0,0:00:20,82.13,84.68,0.0,0.0,29470,96.0587,28,4336,6.9,Top,0.0,2.0,11,213.0,Top
qsvVRxnjudA,26 January Wala Chappri 🤣,2026-01-24,36.0,0:00:26,82.02,72.54,0.0,0.0,12805,60.8062,16,6051,1.17,Mid,0.0,5.0,25,154.0,Mid
nG9J76XbKsg,Ye Kya Hua 🤣,2025-12-26,31.0,0:00:26,81.99,84.46,0.0,0.0,31490,144.1965,134,9771,1.87,Top,0.0,4.0,12,183.0,Top
xMkExdozwkM,Biggest Chappri Is Back Pt-2 🤣,2025-11-10,29.0,0:00:25,81.95,87.74,0.0,0.0,30628,123.5744,78,4943,5.79,Top,0.0,0.0,30,229.0,Top
qR0lAqGHoIA,aquaphobia 😂 #shorts,2024-12-29,45.0,0:00:30,81.91,68.25,0.0,0.0,10425,88.7648,3,706,1.56,Mid,0.0,6.0,20,545.0,Mid
7OB56dzyL1o,Tiktok Ke No 1 Chappri 🤣,2025-11-30,34.0,0:00:27,81.76,82.1,0.0,0.0,47083,232.4312,88,4539,5.24,Top,0.0,6.0,24,209.0,Top
41Ub5jt5Uzc,Hakla Haircut Kara Liya 🤣,2025-12-17,33.0,0:00:28,81.71,85.07,0.0,0.0,26691,131.5206,47,7256,5.82,Top,0.0,2.0,25,192.0,Top
56ec8cpaJrY,Biggest Cringe Pro Max 🤣,2025-12-06,30.0,0:00:23,81.51,78.46,0.0,0.0,25421,109.4884,28,2509,3.43,Top,0.0,5.0,24,203.0,Top
 --p73ZJqqto,Most Beautiful Girl 🤣,2026-03-31,29.0,0:00:24,81.5,83.55,0.0,0.0,28003,111.5071,45,5085,8.91,Top,0.0,1.0,21,88.0,Top
nOOrdyIYsP0,Chappri Handsome Damad 🤣,2025-12-03,29.0,0:00:24,81.5,84.59,0.0,0.0,26726,111.8471,25,2531,2.29,Top,0.0,2.0,24,206.0,Top
CwSSyxjLIgw,Tanya Mittal Reality 🤯,2025-09-15,40.0,0:00:28,81.39,70.01,0.0,0.0,12503,58.8225,10,2574,4.27,Mid,0.0,0.0,22,285.0,Mid
4xCDaWHR0Z8,Tiktok Ke No 1 Chappri Is Back 🤣,2025-12-08,37.0,0:00:27,81.24,73.63,0.0,0.0,24150,122.4275,44,3204,1.47,Top,0.0,0.0,32,201.0,Top
GhZYQ9ekAUg,kajal sejal dark-8 #shorts,2024-12-12,28.0,0:00:15,81.13,56.72,0.0,0.0,301,1.3279,0,646,19.97,Low,0.0,3.0,26,562.0,Low
xo4NMNYYyQo,Wanna Be Chappri 🤣,2025-12-11,40.0,0:00:29,81.06,74.27,0.0,0.0,14262,80.239,14,3017,5.34,Mid,0.0,3.0,18,198.0,Mid
 -JpXh_UhbvI,Best Makeup Transition 🤣,2025-10-02,33.0,0:00:28,80.97,86.93,0.0,0.0,18220961,84421.023,31212,270430,13.69,Top,0.0,3.0,24,268.0,Top
YXJHQSnvYPI,Biggest Kabutarbaz Chappri 🤣,2025-12-13,33.0,0:00:26,80.85,79.57,0.0,0.0,14511,69.1713,70,3279,1.49,Mid,0.0,5.0,28,196.0,Mid
jIAyYNzf9Z0,Power Of Makeup 2 🤣,2026-01-10,33.0,0:00:27,80.82,82.61,0.0,0.0,3103084,14538.242,5583,13115,3.89,Top,0.0,5.0,19,168.0,Top
eUh1JNsFk2o,kajal pandey dark comedy #shorts,2025-01-13,26.0,0:00:18,80.65,72.7,0.0,0.0,6296,32.7945,21,2328,3.95,Mid,0.0,0.0,32,530.0,Mid
gzSiCL_cBFo,Ye Kya Dekh Liya 🤣,2025-12-14,34.0,0:00:27,80.59,79.9,0.0,0.0,29489,124.9137,22,3859,2.8,Top,0.0,6.0,18,195.0,Top
IPsLaBvk9F4,Puneet Superstar Secret 🤣,2025-10-20,37.0,0:00:30,80.58,83.06,0.0,0.0,31617,162.6313,79,12726,4.14,Top,0.0,0.0,25,250.0,Top
9mKvKNKTgu0,Chappri Nibba Nibbi 🤣,2025-12-10,35.0,0:00:25,80.56,72.59,0.0,0.0,24380,114.8671,8,4009,3.07,Top,0.0,2.0,21,199.0,Mid
OkA3yODYZO0,Weeding Gone Wrong 🤣,2025-10-27,31.0,0:00:26,80.55,84.02,0.0,0.0,23875,101.82,43,5586,2.51,Top,0.0,0.0,20,243.0,Top
gO5Jp1IM9rE,Funniest Hair Style Ever 🤣,2025-10-16,30.0,0:00:26,80.53,89.4,0.0,0.0,32323,131.7205,57,9576,2.59,Top,0.0,3.0,26,254.0,Top
iF8RPWqupoU,Tattoo Lover Transition 🤣,2025-10-26,31.0,0:00:27,80.45,87.43,0.0,0.0,31106,133.7907,44,5870,3.85,Top,0.0,6.0,25,244.0,Top
KsGf1kRTK0o,Finally Face Reveal 🤣,2025-11-04,31.0,0:00:24,80.43,78.83,0.0,0.0,29173,115.5112,41,4822,2.59,Top,0.0,1.0,21,235.0,Top
3myZ5ptfbiQ,Haldi Trend Gone Wrong 🤣,2025-06-23,54.0,0:00:33,80.39,62.79,0.0,0.0,24876,151.2393,56,4858,3.36,Top,0.0,0.0,24,369.0,Mid
uBUbKzFIIq4,Best Makeup Transition-2 🤣,2025-11-08,31.0,0:00:22,80.23,74.14,0.0,0.0,27909,116.3134,59,4525,7.09,Top,0.0,5.0,26,231.0,Top
O171asa9vmU,the solution 💀 #shorts,2024-12-04,22.0,0:00:24,80.19,112.13,0.0,0.0,16787,114.556,16,2185,4.53,Mid,0.0,2.0,22,570.0,Mid
XjkGwumh2l4,Weirdest Street Food 🤣,2026-03-24,37.0,0:00:25,80.17,68.89,0.0,0.0,17726,85.3835,561,4285,8.87,Mid,0.0,1.0,22,95.0,Mid
VmXwq8xeLyw,Saurav Joshi Marriage Exposed 🤯,2025-09-17,36.0,0:00:25,80.07,71.9,0.0,0.0,24749,114.1323,33,4415,3.19,Top,0.0,2.0,31,283.0,Mid
GcdXLkMX4pk,Virat Kohli Ka Duplicate 🤣,2026-01-13,38.0,0:00:28,79.98,74.24,0.0,0.0,24291,117.6685,25,7937,8.39,Top,0.0,1.0,26,165.0,Top
ahqq93J7Osw,Biggest Makeup Transition 🤣,2025-10-25,35.0,0:00:30,79.91,86.35,0.0,0.0,27416,143.5315,50,5677,4.54,Top,0.0,5.0,27,245.0,Top
prSakE3nrbE,puneet's favourite food #shorts,2024-11-29,22.0,0:00:16,79.76,76.11,0.0,0.0,2365,10.9494,2,1187,1.01,Mid,0.0,4.0,31,575.0,Mid
NKZtMAsqzLk,Power Of Makeup 6 🤣,2026-05-29,32.0,0:00:26,79.72,83.39,0.0,0.0,29239,122.4124,82,3781,3.46,Top,0.0,4.0,19,29.0,Top
uUl-GazDFDI,Best Makeup Transition 3 🤣,2025-11-28,29.0,0:00:24,79.67,85.9,0.0,0.0,41632,174.7888,37,4446,6.64,Top,0.0,4.0,26,211.0,Top
HpYduSoYuEg,New Chapri Is Back 🤣,2025-10-31,32.0,0:00:27,79.55,85.35,0.0,0.0,31803,134.4902,76,5253,6.26,Top,0.0,4.0,20,239.0,Top
kXW6kufpXpM,Puneet Superstar Crazy Food 🤣,2025-11-09,22.0,0:00:21,79.5,96.2,0.0,0.0,32895,104.3558,35,4840,4.26,Top,0.0,6.0,29,230.0,Top
79SNsC2S3JQ,Paisa Kamane Ka Technologia 🤣,2026-01-07,32.0,0:00:25,79.49,79.3,0.0,0.0,348475,1456.5817,977,9776,5.02,Top,0.0,2.0,29,171.0,Top
l_ch_LxEqlM,Biggest Chapri 🤣,2025-10-14,35.0,0:00:27,79.45,79.58,0.0,0.0,29455,133.5787,82,11676,4.46,Top,0.0,1.0,16,256.0,Top
TWYPuavC7R4,Biggest Chappri Is Back Again 🤣,2025-11-24,32.0,0:00:26,79.38,82.54,0.0,0.0,39864,170.0183,83,4803,7.25,Top,0.0,0.0,31,215.0,Top
oxSZzgBZK6U,Kajal Roast Devika Gupta 😂,2025-06-25,42.0,0:00:32,79.29,77.82,0.0,0.0,342752,1962.4774,634,1905340,4.28,Top,0.0,2.0,26,367.0,Top
Cjo9nEgmXeA,Ye Dikh Raha Kya 🤣,2025-12-27,28.0,0:00:21,79.28,75.74,0.0,0.0,28279,109.3221,41,11140,1.17,Top,0.0,5.0,18,182.0,Top
K017Q9tgi8M,Biggest Nibba Nibbi Ki Shadi 🤣,2025-11-25,27.0,0:00:23,79.27,86.36,0.0,0.0,29558,111.056,41,4491,4.39,Top,0.0,1.0,30,214.0,Top
Vu2MgFsIv5A,Best Karwa Chauth Of Nibbi 🤣,2025-10-10,35.0,0:00:22,79.26,63.39,0.0,0.0,23206,102.0946,25,11396,3.65,Top,0.0,4.0,28,260.0,Mid
GlvUKA8L0fM,Puneet Vs Elvish 🤣,2025-12-21,37.0,0:00:29,79.18,78.77,0.0,0.0,18089,95.677,44,4476,1.81,Top,0.0,6.0,18,188.0,Top
caU7ljeXYDg,Iphone User Transition 🤣,2025-11-04,37.0,0:00:30,79.15,81.67,0.0,0.0,28099,140.4288,22,4435,2.21,Top,0.0,1.0,24,235.0,Top
z0IxmZbaZOE,Free Fire Vs BGMI 🤣,2025-11-06,33.0,0:00:27,79.1,84.18,0.0,0.0,28131,135.2092,221,5213,5.41,Top,0.0,3.0,19,233.0,Top
edzoLoXADsg,Best Makeup Transition Final 🤣,2025-12-28,36.0,0:00:30,79.05,83.61,0.0,0.0,20662,113.3766,46,12851,4.87,Top,0.0,6.0,30,181.0,Top
2vQKcL1ey1Y,The Power Of Body 🤣,2025-10-08,34.0,0:00:26,79.04,77.66,0.0,0.0,28134,126.3827,75,6075,6.29,Top,0.0,2.0,19,262.0,Top
AVLf301YxRY,Inke Bacche Ho Gye 🤣,2025-12-21,39.0,0:00:28,79.02,71.81,0.0,0.0,21442,108.4322,55,4664,2.44,Top,0.0,6.0,20,188.0,Top
SgBKnNlf8oY,Ye Mat Dekhna 🤣,2025-12-23,29.0,0:00:22,78.91,78.12,0.0,0.0,21864,87.0291,31,5183,1.33,Top,0.0,1.0,15,186.0,Top
f91XbOJVvLM,Best Food Lover Part 2 🤣,2026-06-10,36.0,0:00:31,78.86,74.67,0.0,0.0,26759,141.2819,292,2504,10.26,Top,0.0,2.0,24,17.0,Top
4LR5yz2iHHE,Sasta Policewala 🤣,2026-02-09,31.0,0:00:26,78.69,84.8,0.0,0.0,30895,130.0209,258,7554,2.97,Top,0.0,0.0,18,138.0,Top
PlPhYxJXG2k,Power Of Tattoo 🤣,2026-03-01,30.0,0:00:23,78.68,78.79,0.0,0.0,48538,205.7533,1165,9160,5.85,Top,0.0,6.0,17,118.0,Top
9VD50-nlovo,sejal exx vlog reaction 🙄 #treanding #comedy,2024-11-10,25.0,0:00:18,78.58,72.61,0.0,0.0,14715,73.6503,18,4115,8.12,Mid,0.0,6.0,44,594.0,Mid
te2AlX_5npk,Shirf Ek Apna Bhai 🤣,2026-01-12,25.0,0:00:19,78.51,76.47,0.0,0.0,26346,92.1301,19,7582,9.55,Top,0.0,0.0,20,166.0,Top
XA9KQ1UH1tU,costume cutter-3 #shorts,2024-12-11,48.0,0:00:32,78.51,65.48,0.0,0.0,13115,116.29,3,2924,1.23,Mid,0.0,2.0,24,563.0,Mid
Y_3rwItVFWk,kajal sejal dark-16 #shorts,2025-01-07,42.0,0:00:19,78.43,46.69,0.0,0.0,132,0.6564,0,848,4.36,Low,0.0,1.0,27,536.0,Low
QUlE-jDIbjc,Rise And Fall Pawan Singh 🔥,2025-09-13,37.0,0:00:32,78.42,88.33,0.0,0.0,17681,101.0753,27,2793,1.29,Mid,0.0,5.0,27,287.0,Top
drrUIiYWGEw,kajal sejal dark-10 #shorts,2024-12-22,35.0,0:00:25,78.39,72.65,0.0,0.0,15333,107.8188,46,2502,3.04,Mid,0.0,6.0,27,552.0,Mid
ANrSnZ135cs,Biggest Chappri Is Back 🤣,2025-10-23,33.0,0:00:27,78.38,84.67,0.0,0.0,46577,206.5723,113,9583,6.73,Top,0.0,3.0,25,247.0,Top
9AtvTl_m2mk,Papa Ka Para 🤣,2025-11-19,31.0,0:00:26,78.38,84.66,0.0,0.0,257,1.073,1,404,22.03,Low,0.0,2.0,14,220.0,Low
kaP5VvJl6NE,Making Fun On Hindu,2025-03-09,25.0,0:00:16,78.38,65.87,0.0,0.0,111,0.4033,0,701,5.71,Low,0.0,6.0,19,475.0,Low
LAtPqalrlY0,Chahiye Kya aurat ko 🤣,2025-11-29,33.0,0:00:27,78.36,83.13,0.0,0.0,27960,133.7287,77,3210,4.11,Top,0.0,5.0,22,210.0,Top
hNMP7s8TeeM,Best Maggi Transition 🤣,2025-10-11,37.0,0:00:27,78.04,73.11,0.0,0.0,28276,128.9895,46,6918,2.17,Top,0.0,5.0,23,259.0,Top
ouIKvI7RZYc,Bro Turned Into Barbie 🤣,2025-10-19,36.0,0:00:29,78.03,82.37,0.0,0.0,28923,142.0816,41,7844,4.0,Top,0.0,6.0,24,251.0,Top
19J7SNSZckI,Going To SRK House 🤣,2026-02-05,32.0,0:00:27,77.96,85.5,0.0,0.0,22719,113.612,22,6756,1.15,Top,0.0,3.0,20,142.0,Top
ancae4TrdQY,Tiktok Ke No 1 Couple 🤣,2025-12-06,24.0,0:00:20,77.85,86.06,0.0,0.0,7554,23.7109,6,2614,3.86,Mid,0.0,5.0,23,203.0,Mid
ZquXbroAkxE,7 Crore 🤣,2026-02-25,32.0,0:00:26,77.62,81.41,0.0,0.0,14793,68.0979,121,7673,1.69,Mid,0.0,2.0,9,122.0,Mid
cabD0B90ZZ8,Masterplan Of Muskan Karia 🤩,2025-10-01,47.0,0:00:31,77.55,66.95,0.0,0.0,4737,26.0122,4,9217,4.49,Mid,0.0,2.0,28,269.0,Mid
PKlebzaaLB8,Power Of Overacting 🤣,2026-06-19,39.0,0:00:29,77.51,75.38,0.0,0.0,221602,1062.9081,2587,1336,11.83,Top,0.0,4.0,21,8.0,Top
yGvOjxQBtv4,kajal sejal dark-14 #shorts,2025-01-06,36.0,0:00:21,77.51,59.68,0.0,0.0,4289,25.4541,6,1516,4.02,Mid,0.0,0.0,27,537.0,Mid
aHm0UYEfJu8,Sourav Joshi Masterplan Exposed 😱,2025-09-04,32.0,0:00:26,77.37,83.1,0.0,0.0,38549,158.3738,41,3961,2.07,Top,0.0,3.0,33,296.0,Top
U5Bj1jemQMY,atma katha ❌ johnny sins katha ✅ #shorts,2024-12-09,20.0,0:00:18,77.36,90.3,0.0,0.0,3361,16.7849,1,1748,0.29,Mid,0.0,0.0,40,565.0,Mid
7-V_c5bpUp4,Payal Gaming Ka Roast 🤣,2025-12-17,25.0,0:00:18,77.34,75.29,0.0,0.0,36659,128.0477,8,124859,13.84,Top,0.0,2.0,23,192.0,Top
UwMqUWQzDSg,strength is mouth #shorts,2024-12-09,28.0,0:00:18,77.32,66.88,0.0,0.0,5901,30.6769,2,858,0.0,Mid,0.0,0.0,25,565.0,Mid
s65iwOZtDPs,Best Makeup Fail Ever 🤣,2025-10-21,37.0,0:00:27,77.25,75.4,0.0,0.0,31289,144.2125,45,9134,8.32,Top,0.0,1.0,23,249.0,Top
EYwUjOFbrC8,Power Of Makeup 4 🤣,2026-02-23,27.0,0:00:22,77.11,84.92,0.0,0.0,164024,596.3629,2922,9599,4.97,Top,0.0,0.0,19,124.0,Top
uUIYsx4QyXc,Biggest Chappri Is Live 🤣,2025-12-19,34.0,0:00:25,76.95,73.99,0.0,0.0,7589,34.1073,20,3634,1.6,Mid,0.0,4.0,25,190.0,Mid
HeZ-PLl2YX0,Chappri Doctor 🤣,2026-03-26,39.0,0:00:25,76.93,65.65,0.0,0.0,6649,30.408,53,1030,14.27,Mid,0.0,3.0,16,93.0,Mid
8s8zpBTq0CQ,Dukan Kharid Liya 🤣,2025-12-28,28.0,0:00:24,76.86,86.8,0.0,0.0,5354579,20097.9031,12519,19501,3.62,Top,0.0,6.0,19,181.0,Top
hbTGWNYIxrM,Facts Roast Sejal exx,2025-03-04,33.0,0:00:16,76.59,51.08,0.0,0.0,3090,14.2364,3,1024,4.1,Mid,0.0,1.0,21,480.0,Low
D0t2n32m_50,Gobar Ki Roti Kha Li 🤣,2025-11-14,30.0,0:00:27,76.47,90.37,0.0,0.0,198418,839.7762,1632,13614,9.13,Top,0.0,4.0,22,225.0,Top
ymlbjzJAMDw,Time to Make TikTok Videos 🤑,2025-08-28,38.0,0:00:28,76.47,75.97,0.0,0.0,24,0.1056,0,43,13.95,Low,0.0,3.0,28,303.0,Low
MpqSIiBZ57Y,Cringe Kajal Pandey Roast,2025-03-25,38.0,0:00:21,76.39,57.41,0.0,0.0,1180,6.6861,5,1264,5.3,Mid,0.0,1.0,25,459.0,Mid
6cyAhlPIDfQ,mental sheeer #shorts,2024-11-26,21.0,0:00:12,76.29,61.65,0.0,0.0,3553,12.7574,1,1699,1.18,Mid,0.0,1.0,21,578.0,Mid
Ur5gW1TxO6k,Best Food Lover 🤣,2026-06-03,36.0,0:00:26,76.23,73.12,0.0,0.0,362232,1549.2525,12060,4035,7.76,Top,0.0,2.0,17,24.0,Top
HbHrQo9AENQ,Biggest Chappri 🤣,2025-11-21,26.0,0:00:22,76.19,88.45,0.0,0.0,3076,10.7231,3,4632,5.48,Mid,0.0,4.0,17,218.0,Mid
982QH8yw4TI,Korean Boy Scam 🤣,2025-12-20,28.0,0:00:24,76.06,88.91,0.0,0.0,29654,119.0778,36,4263,4.46,Top,0.0,5.0,17,189.0,Top
Tw04ZbnTZTI,Girls In Holi 🤣,2026-03-07,31.0,0:00:23,76.0,75.53,0.0,0.0,64795,257.1214,3437,8661,3.98,Top,0.0,5.0,15,112.0,Top
uXRF15-rtt4,Tanya Mittal Roast Pawan Singh 😡,2025-09-26,41.0,0:00:29,75.93,71.94,0.0,0.0,16045,75.0913,11,6590,3.32,Mid,0.0,4.0,32,274.0,Mid
6vqw87ckxJs,kajal sejal dark-6 #shorts,2024-12-03,25.0,0:00:16,75.87,66.89,0.0,0.0,443,1.9401,1,1096,10.95,Low,0.0,1.0,26,571.0,Low
EbIxTsYauFU,Worst Makeup Transition 🤣,2025-10-13,35.0,0:00:23,75.76,66.66,0.0,0.0,23299,93.4424,22,7547,3.76,Top,0.0,0.0,25,257.0,Top
Ufve2taP5lI,Kajal Pandey Be Like 🤣,2025-10-15,33.0,0:00:27,75.64,82.22,0.0,0.0,32352,138.3542,39,11729,3.72,Top,0.0,2.0,22,255.0,Top
REgEyz0tV3s,Power Of Dance 🤣,2026-03-05,31.0,0:00:21,75.57,70.13,0.0,0.0,23092,90.7373,368,7753,3.12,Top,0.0,3.0,16,114.0,Mid
xxyc_6hhJRw,kajal sejal dark comedy-2 #shorts,2025-01-14,29.0,0:00:18,75.56,62.98,0.0,0.0,273,1.0802,1,1810,5.3,Low,0.0,1.0,33,529.0,Low
njTwHJhhZ20,Best School Technologia 🤣,2025-11-11,27.0,0:00:24,75.55,90.65,0.0,0.0,29377,120.4373,77,4857,2.49,Top,0.0,1.0,25,228.0,Top
i57IYmUDNbA,Ishaan Ali Without Filter 😂,2025-09-29,48.0,0:00:32,75.49,67.01,0.0,0.0,7899,41.9204,21,7968,2.65,Mid,0.0,0.0,27,271.0,Top
JPl9QwfCVqs,Starving For Iphone Flex 😭,2025-09-20,35.0,0:00:24,75.38,70.54,0.0,0.0,9886,40.7666,6,6392,1.75,Mid,0.0,5.0,26,280.0,Mid
vVTurfA-ceM,Pakistan K Gujjar 😅,2026-05-03,37.0,0:00:31,75.27,84.37,0.0,0.0,14826,81.4962,24,3480,3.28,Mid,0.0,6.0,19,55.0,Mid
1U7YqHV2FJI,Sourav Joshi Ki Real Wife 🤣,2025-11-18,28.0,0:00:24,75.2,88.53,0.0,0.0,29815,117.3492,23,6724,4.95,Top,0.0,1.0,27,221.0,Top
EOgZpmuR8Zs,Half Krish 🤣,2026-02-27,30.0,0:00:20,75.12,68.02,0.0,0.0,15206,55.9181,170,8414,3.95,Mid,0.0,4.0,12,120.0,Mid
BS-60GAXbG4,Day 1🏋,2024-04-13,47.0,0:00:40,75.0,86.53,0.0,0.0,30,0.3389,0,58,27.59,Low,0.0,5.0,6,805.0,Low
AMoJUCVkXxE,dancing car story-3 😂 #shorts,2024-12-28,47.0,0:00:24,74.94,51.89,0.0,0.0,5695,38.5134,1,670,0.9,Mid,0.0,5.0,29,546.0,Mid
yMpzTGnGfcQ,Didi Ko Boyfriend Caheye 🤣,2025-12-26,31.0,0:00:25,74.94,83.18,0.0,0.0,19651,82.6607,20,9049,1.29,Top,0.0,4.0,26,183.0,Top
FZUjIyOiVeQ,Bindas Kavya Pose 🥵,2025-06-08,52.0,0:00:39,74.89,75.98,0.0,0.0,32663,207.3741,35,5084,5.49,Top,0.0,6.0,19,384.0,Top
VdFZG2AXIkY,Babu Ka Surprise 🤣,2025-08-27,58.0,0:00:30,74.68,52.73,0.0,0.0,3217,17.1549,9,1984,4.59,Mid,0.0,2.0,18,304.0,Mid
MIdFMYwQUbg,Painful Reality Of Ganpati Visarjan 😡,2025-09-05,37.0,0:00:29,74.33,79.2,0.0,0.0,31778,140.3663,104,2757,1.27,Top,0.0,4.0,37,295.0,Top
jTLLEjD8CMs,Indian TV Serials 🤣,2025-11-13,27.0,0:00:21,74.19,79.97,0.0,0.0,9619,33.3279,55,6371,2.26,Mid,0.0,3.0,19,226.0,Mid
o0AQBooY9ss,Dil Chura Liya 🤣,2026-01-08,32.0,0:00:27,74.15,87.22,0.0,0.0,33223,138.1533,76,8064,3.71,Top,0.0,3.0,16,170.0,Top
3nU-MA7RTJw,Biwi No 1 🤣,2025-11-22,29.0,0:00:21,73.89,74.72,0.0,0.0,65165,249.1126,59,6018,6.51,Top,0.0,5.0,11,217.0,Top
Kn30HRCp4wc,brown rang reaction #shorts,2024-12-09,22.0,0:00:16,73.85,75.31,0.0,0.0,4435,20.3623,2,2187,0.5,Mid,0.0,0.0,27,565.0,Mid
zDztqMZLb94,Best Nibba Nibbi Pro Max 🤣,2025-11-12,37.0,0:00:32,73.78,86.89,0.0,0.0,7669,37.0868,14,4760,1.74,Mid,0.0,2.0,26,227.0,Top
B5a0iK1k7p0,Reality Of Some Indian,2025-04-27,41.0,0:00:30,73.77,73.41,0.0,0.0,4484,24.054,9,1646,1.64,Mid,0.0,6.0,22,426.0,Mid
PsyRPgo1Ya8,Desh Ki Beti,2025-02-27,29.0,0:00:18,73.7,65.31,0.0,0.0,951,4.9147,1,708,3.81,Mid,0.0,3.0,12,485.0,Mid
Q9rPQJRv7Jo,Power Of Singing 🤣,2026-03-18,38.0,0:00:29,73.51,77.82,0.0,0.0,26467,133.8327,895,5918,3.51,Top,0.0,2.0,18,101.0,Top
heI7HaCijyw,Ye Nahi Sudhregi 😱,2026-05-08,42.0,0:00:34,73.48,81.36,0.0,0.0,28680,151.6878,38,4600,1.61,Top,0.0,4.0,18,50.0,Top
21HdGyxaHao,Valgar Content Roast 🤯,2025-08-29,51.0,0:00:36,73.38,71.21,0.0,0.0,14984,89.3898,34,2488,2.17,Mid,0.0,4.0,22,302.0,Mid
_eEZEbjLu1E,kajal sejal dark-4 #shorts,2024-11-30,20.0,0:00:16,73.37,82.39,0.0,0.0,36287,164.8261,61,5804,9.8,Top,0.0,5.0,26,574.0,Top
drYi8M7VOFE,Best Of Bindas Kavya 😁,2025-06-16,58.0,0:00:40,73.31,70.44,0.0,0.0,23273,152.3866,25,2470,2.31,Top,0.0,0.0,22,376.0,Top
dujnD0TPuJQ,Chor Police 🤣,2025-10-05,33.0,0:00:28,73.23,85.61,0.0,0.0,16969,78.407,75,11174,4.59,Mid,0.0,6.0,13,265.0,Mid
LT12dzGQO8o,Kajal Sejal Viral 😱,2025-05-21,51.0,0:00:23,72.95,46.32,0.0,0.0,10282,49.1317,10,2904,6.44,Mid,0.0,2.0,19,402.0,Mid
m3gKir9qaKw,Chocolate Chor 😱,2026-02-17,32.0,0:00:22,72.9,71.44,0.0,0.0,17876,70.0737,106,7017,1.64,Mid,0.0,1.0,16,130.0,Mid
5L3S_Cu6_ZA,Best Chai Transition 🤣,2025-10-07,32.0,0:00:25,72.9,80.13,0.0,0.0,24836,101.9741,65,7686,4.19,Top,0.0,1.0,22,263.0,Top
SeGncaHNe2o,Sasta Korean Look 😂,2026-04-29,34.0,0:00:25,72.84,73.94,0.0,0.0,11858,49.1512,12,2804,2.28,Mid,0.0,2.0,19,59.0,Mid
GlTloA1mGBE,Power Of Makeup 5 🤣,2026-03-22,39.0,0:00:30,72.73,77.76,0.0,0.0,39062,204.8067,1004,5807,5.99,Top,0.0,6.0,19,97.0,Top
BUyn6-mXh6Y,Kajal Pandey Roast 🤣,2025-08-28,50.0,0:00:23,72.73,47.63,0.0,0.0,27,0.1094,0,31,25.81,Low,0.0,3.0,20,303.0,Low
6N0cs1TTakA,Bindas Kavya Burn 😱,2025-06-02,60.0,0:00:43,72.71,72.71,0.0,0.0,28688,193.7319,32,3455,5.09,Top,0.0,0.0,19,390.0,Top
00swnhBS_sA,sejal kajal dark #shorts,2024-11-20,28.0,0:00:17,72.66,61.15,0.0,0.0,5477,25.2379,7,4895,11.03,Mid,0.0,2.0,24,584.0,Mid
NRCMveEFTd4,ravi kishan on samay😡 #shorts,2025-02-23,51.0,0:00:19,72.61,38.08,0.0,0.0,462,2.383,0,700,0.71,Low,0.0,6.0,29,489.0,Low
Vkk4b1GupaA,Bindas Kavya Exposed 😡,2025-09-11,35.0,0:00:24,72.54,69.39,0.0,0.0,13856,53.0775,10,2120,3.25,Mid,0.0,3.0,22,289.0,Mid
cczIDTn0Dko,kajal sejal dark queen #shorts,2024-11-22,30.0,0:00:18,72.45,60.97,0.0,0.0,1053,5.3019,3,1882,8.66,Mid,0.0,4.0,30,582.0,Mid
3CVIydheK_w,Pakistani Lendi 🤣,2026-03-29,30.0,0:00:22,72.33,75.8,0.0,0.0,4837,17.8711,6,4212,2.64,Mid,0.0,6.0,17,90.0,Mid
1396iYFCaV8,kajal sejal dark-5 #shorts,2024-11-30,25.0,0:00:14,72.27,57.26,0.0,0.0,1116,4.369,3,1832,6.99,Mid,0.0,5.0,26,574.0,Mid
HT1_y9LfX4E,When She Tries To Be Cute 😳,2025-09-01,50.0,0:00:26,72.22,53.99,0.0,0.0,22,0.0995,0,52,13.46,Low,0.0,0.0,27,299.0,Low
NLJuYAn2QV8,Rolls royce ❌️ Roj Royal✅️,2024-03-28,11.0,0:00:10,72.2,90.92,0.0,0.0,4593,12.7343,1,1148,1.92,Mid,0.0,3.0,26,821.0,Mid
9LfV2Z8XS6g,Chappri In Oyo 🤣,2026-02-08,35.0,0:00:27,72.06,78.28,0.0,0.0,29342,124.1046,145,7351,5.56,Top,0.0,6.0,16,139.0,Top
x78jVOyeygc,dhruv rathee reality! 😱 #shorts #dhruvrathee,2024-05-05,53.0,0:00:36,72.0,69.27,0.0,0.0,55,0.5609,0,70,1.43,Low,0.0,6.0,44,783.0,Low
zDVoByMIiu4,Pookie Baba Roast 🤣,2026-02-14,41.0,0:00:28,71.95,70.28,0.0,0.0,27359,131.2797,132,7887,3.14,Top,0.0,5.0,19,133.0,Top
WnUZnB_B_5w,Abhinav Arora EXPOSED 😡,2025-09-08,37.0,0:00:26,71.91,71.8,0.0,0.0,8993,41.7316,4,2842,1.79,Mid,0.0,0.0,23,292.0,Mid
XAj7Vth3rQw,☠️ #shorts,2024-12-02,23.0,0:00:14,71.91,63.56,0.0,0.0,2756,11.1655,1,1359,2.21,Mid,0.0,0.0,10,572.0,Mid
usXZZlbOw8w,Chappri Holi 🤣,2026-03-09,36.0,0:00:23,71.89,66.29,0.0,0.0,28635,116.5022,721,8677,7.11,Top,0.0,0.0,14,110.0,Top
NgGGLL58dHo,The 50 Show Ka Chappri 🤣,2026-02-06,49.0,0:00:35,71.88,72.12,0.0,0.0,17918,112.37,33,7115,5.35,Mid,0.0,4.0,24,141.0,Mid
TXg4umvUtvE,request to ‎@CarryMinati #shorts,2024-11-21,35.0,0:00:14,71.87,42.23,0.0,0.0,910,3.7287,0,1005,1.39,Mid,0.0,3.0,32,583.0,Mid
2Qs7QcrigtY,Overacting Unlimited 🤣,2025-11-05,35.0,0:00:29,71.83,85.54,0.0,0.0,27924,137.173,108,5313,6.51,Top,0.0,2.0,22,234.0,Top
WncMt9xZdL0,Cringe Level 1000 🤣,2025-10-22,32.0,0:00:24,71.74,77.6,0.0,0.0,30533,118.1819,42,7540,4.47,Top,0.0,2.0,19,248.0,Top
RiRat_zq6ow,Puneet Superstar X IIT Baba,2025-03-05,12.0,0:00:12,71.69,100.79,0.0,0.0,11922,39.4793,2,3615,2.07,Mid,0.0,2.0,27,479.0,Mid
qJHV8FOafBM,Cringe Of Ruchika Malhan 😝,2025-06-27,58.0,0:00:33,71.64,58.18,0.0,0.0,3570,21.8537,0,6567,6.03,Mid,0.0,4.0,26,365.0,Mid
RrvcgeBwkcA,1 Crore Ka Makeup 🤣,2026-02-21,34.0,0:00:27,71.6,81.86,0.0,0.0,38146,158.7692,229,7814,2.93,Top,0.0,5.0,19,126.0,Top
A_lDcSthfIE,Biggest Chapri Is Back 🤣,2025-10-18,31.0,0:00:23,71.51,76.57,0.0,0.0,1181435,4508.6277,6810,1685774,8.86,Top,0.0,5.0,24,252.0,Top
vsgKwyWnI24,Kajal Sejal Roast 😂,2025-05-13,54.0,0:00:18,71.43,34.45,0.0,0.0,4268,15.6204,7,1791,4.52,Mid,0.0,1.0,19,410.0,Mid
CVQI6BjpfCc,Rajat Dalal Masterplan 🤯,2025-09-09,42.0,0:00:28,71.22,67.31,0.0,0.0,4052,19.2146,2,2192,1.32,Mid,0.0,1.0,24,291.0,Mid
vvYrERFVkdc,sejal exx dark queen #shorts,2024-12-01,28.0,0:00:18,71.08,67.8,0.0,0.0,3007,15.6031,1,2812,8.29,Mid,0.0,6.0,28,573.0,Mid
0Qh5Cg09d6A,Saurav joshi Cringe roast 🤮 #roast #shorts,2024-04-26,43.0,0:00:32,71.05,75.3,0.0,0.0,27,0.2428,0,159,7.55,Low,0.0,4.0,42,792.0,Low
KNieH66XYn4,Girls Makeup Transition 🤣,2025-10-04,33.0,0:00:26,70.96,80.0,0.0,0.0,30369,128.5186,58,13607,9.85,Top,0.0,5.0,25,266.0,Top
qjOo3P7CwGs,Gadhe Se Shadi Karle 🤣,2025-12-01,29.0,0:00:25,70.74,88.66,0.0,0.0,2502,8.9789,5,2561,2.3,Mid,0.0,0.0,22,208.0,Mid
126u5gBU34A,Best Board Drawing 🤣,2025-10-03,39.0,0:00:31,70.74,80.48,0.0,0.0,14907,71.7304,51,9561,3.23,Mid,0.0,4.0,20,267.0,Mid
B3AOCe5fTMg,dancing car story 😂 #shorts,2024-12-28,45.0,0:00:29,70.66,66.51,0.0,0.0,7603,63.0788,2,865,1.27,Mid,0.0,5.0,27,546.0,Mid
JpADEJRDx9M,R.I.P BTS fans🤣🤣 #roast,2024-07-14,21.0,0:00:17,70.44,84.46,0.0,0.0,3322,15.5702,1,1642,6.58,Mid,0.0,6.0,23,713.0,Mid
PxncLX6E7jQ,Inspiring Urfi Javed 💀,2025-06-14,60.0,0:00:28,70.42,47.81,0.0,0.0,79,0.4102,0,27,11.11,Low,0.0,5.0,22,378.0,Low
-8ImlGbMoXQ,saurav joshi vlog secret 😂 #shorts,2024-10-06,17.0,0:00:10,70.36,64.6,0.0,0.0,3785,11.5326,9,862,1.86,Mid,0.0,6.0,34,629.0,Mid
2Ix8gwp3mZA,triggered insaan roast ruchika rathore #shorts,2024-12-21,44.0,0:00:20,70.24,46.28,0.0,0.0,499,2.7907,0,876,2.97,Low,0.0,5.0,46,553.0,Low
5hkwSsvIcTM,Black Lover 🤣,2026-02-18,33.0,0:00:28,70.13,85.83,0.0,0.0,23098,98.5243,106,7508,1.72,Top,0.0,2.0,13,129.0,Top
BKTtjss6ceE,the audiance 💀 #shorts,2025-01-03,24.0,0:00:08,70.0,35.42,0.0,0.0,7,0.0165,0,29,10.34,Low,0.0,4.0,22,540.0,Low
53Dog-VGjqs,Desi Korean 😂 (Sasta Korean),2026-05-12,35.0,0:00:26,69.84,76.3,0.0,0.0,8179,33.0395,56,5005,6.29,Mid,0.0,1.0,28,46.0,Mid
iw1MtsITyJs,Joshi Family Exposed 😂,2025-05-25,47.0,0:00:29,69.78,63.24,0.0,0.0,8545,42.3183,12,2249,2.85,Mid,0.0,6.0,22,398.0,Mid
hmdYneZZwJw,kajal sejal dark #shorts,2024-11-18,25.0,0:00:19,69.62,77.85,0.0,0.0,58161,310.0682,114,56640,9.15,Top,0.0,0.0,24,586.0,Top
dTtBQeU7BJQ,Best Boys Makeup Transition 🤣,2026-05-09,34.0,0:00:26,69.6,79.18,0.0,0.0,30978,133.1808,21,5177,3.3,Top,0.0,5.0,29,49.0,Top
hhjK9JalxcQ,munawar trolled 😂 #shorts,2024-10-05,13.0,0:00:09,69.53,76.91,0.0,0.0,1381,3.8245,1,825,1.82,Mid,0.0,5.0,25,630.0,Mid
HIdH3pKq_mY,Makeup Ke Power 🤣,2025-12-07,29.0,0:00:23,69.39,79.33,0.0,0.0,26945,98.664,31,2985,3.02,Top,0.0,6.0,17,202.0,Top
MmHpppzCYeY,Best Wedding Talent 🤣,2026-06-06,39.0,0:00:25,69.32,64.33,0.0,0.0,3364,13.6234,28,1218,10.43,Mid,0.0,5.0,21,21.0,Mid
pLfkiSZSGt0,Muskan Karia Roast,2025-04-30,55.0,0:00:24,69.19,44.07,0.0,0.0,10461,47.3452,7,25315,7.63,Mid,0.0,2.0,18,423.0,Mid
TSKUBmR-Csw,hardik pandya divorce reaction😱 #viral #reaction #shorts,2024-05-26,34.0,0:00:18,69.13,55.01,0.0,0.0,723,3.7465,1,972,2.47,Mid,0.0,6.0,56,762.0,Mid
s8cbwlv402M,Kajal Ka Sach,2025-02-27,25.0,0:00:15,68.98,61.68,0.0,0.0,1136,4.3756,1,1033,3.19,Mid,0.0,3.0,13,485.0,Mid
13mtkMTABFI,Payal Gaming-Roast,2025-04-17,50.0,0:00:29,68.98,58.28,0.0,0.0,3750,19.3254,6,1745,4.3,Mid,0.0,3.0,18,436.0,Mid
uWl_ABqAg74,When News Becomes Entertainment,2025-05-10,43.0,0:00:18,68.96,43.64,0.0,0.0,2186,7.6323,0,1177,1.02,Mid,0.0,5.0,31,413.0,Mid
m4qmQLLnwYc,Power Of Makeup 🤣,2025-10-06,38.0,0:00:29,68.85,78.85,0.0,0.0,40208,183.2624,100,9442,8.04,Top,0.0,0.0,17,264.0,Top
_HBFje0Uf94,Pawan Singh Rise and Fall 🤡,2025-09-07,38.0,0:00:27,68.73,73.49,0.0,0.0,10913,47.2844,17,3143,1.43,Mid,0.0,6.0,27,293.0,Mid
cIsqCK7O2zc,Pakistani Chapri 🤣,2025-11-01,33.0,0:00:26,68.64,79.27,0.0,0.0,6106,23.6603,9,5489,3.02,Mid,0.0,5.0,18,238.0,Mid
dw9pBvV7Hzo,End Tak Dekhna 🤣,2025-12-27,34.0,0:00:28,68.59,83.08,0.0,0.0,33060,144.9476,61,10183,1.32,Top,0.0,5.0,16,182.0,Top
UvwtUgTnTN8,elvish yadav Diss-track 😡 #shorts #elvishyadav,2024-04-01,34.0,0:00:17,68.57,50.85,0.0,0.0,193,0.9269,0,553,7.23,Low,0.0,0.0,46,817.0,Low
NlsusbKsu68,The Power Of Makeup 🤣,2025-10-09,34.0,0:00:26,68.43,79.34,0.0,0.0,50169,199.3252,98,7654,4.26,Top,0.0,3.0,21,261.0,Top
A2srESg05EU,kajal sejal dark-9 #shorts,2024-12-18,33.0,0:00:17,68.42,53.12,0.0,0.0,4106,19.7545,4,1492,6.9,Mid,0.0,2.0,26,556.0,Mid
fg3Jn0odGgg,samay roast harsh #shorts,2024-12-09,29.0,0:00:18,68.33,63.4,0.0,0.0,5578,28.4722,3,786,0.76,Mid,0.0,0.0,25,565.0,Mid
FN5qL8VIMxM,Mani meraj Exposed 🤯,2025-09-16,36.0,0:00:27,68.3,76.2,0.0,0.0,9269,39.2752,6,3344,2.3,Mid,0.0,1.0,20,284.0,Mid
tIuz1tW4U_0,kajal sejal dark-17 #shorts,2025-01-07,29.0,0:00:19,68.29,67.97,0.0,0.0,28,0.1533,0,98,13.27,Low,0.0,1.0,27,536.0,Low
s3Lp_Qh_P7k,Best Funny Answer 🤣,2025-10-12,35.0,0:00:26,68.14,76.79,0.0,0.0,28825,133.5669,63,8404,1.94,Top,0.0,6.0,19,258.0,Top
PQXejN1N4B4,New Singer From Pakistan 😡,2025-05-15,54.0,0:00:30,68.09,55.6,0.0,0.0,2535,13.1476,1,1319,0.99,Mid,0.0,3.0,26,408.0,Mid
fVxRsBfns0s,sejal x kajal #shorts,2024-11-18,34.0,0:00:23,67.72,68.95,0.0,0.0,10212,66.4529,12,2771,8.77,Mid,0.0,0.0,21,586.0,Mid
g1c_0M_zZjk,Chappri Makeup 🤣,2026-02-10,29.0,0:00:24,67.5,85.51,0.0,0.0,36780,140.0202,191,7367,8.0,Top,0.0,1.0,16,137.0,Top
RNv-PgSuY28,shilajit ❌ redbull ✅-2 #shorts,2024-12-10,48.0,0:00:22,67.5,47.46,0.0,0.0,688,4.2868,0,932,0.32,Low,0.0,1.0,30,564.0,Low
TNUSFmSSJc4,Chacha Ke Karname 🤣,2025-12-05,27.0,0:00:16,67.46,62.79,0.0,0.0,9948,27.7871,4,2353,1.83,Mid,0.0,4.0,19,204.0,Mid
1eZjhRPULQg,Beti Bachawo Beti Padawo,2025-03-03,36.0,0:00:14,67.4,39.96,0.0,0.0,722,2.8146,2,962,2.18,Low,0.0,0.0,24,481.0,Low
HexB_FwtsP4,Latter Par Chai Gira Diya 🤣,2025-12-30,29.0,0:00:25,67.17,88.78,0.0,0.0,73624,277.679,116,14034,8.48,Top,0.0,1.0,27,179.0,Top
HGC3BtMOclc,sejal roast video 😂 #shorts,2024-11-16,33.0,0:00:14,67.13,44.18,0.0,0.0,780,3.1585,1,1085,3.32,Mid,0.0,5.0,27,588.0,Low
6J9UuiDTNAU,Sasta Makeup 🤣,2026-02-07,26.0,0:00:21,67.09,84.04,0.0,0.0,185761,596.1235,2235,8120,7.01,Top,0.0,5.0,14,140.0,Top
B_KBF0-mZJQ,funny reel reaction 😂 #funnycringe #funny #shorts,2024-05-18,12.0,0:00:12,66.85,104.27,0.0,0.0,11922,41.3328,16,937,1.81,Mid,0.0,5.0,49,770.0,Mid
uocQ3CwsnLE,saurav joshi vlog secret 😂 part 2 #shorts,2024-10-10,23.0,0:00:13,66.77,60.45,0.0,0.0,636,2.4564,1,647,5.56,Low,0.0,3.0,41,625.0,Low
KgoCrzcNJvk,Hilarious Roast of Sejal Exx #comedy #shorts,2024-10-11,29.0,0:00:24,66.71,85.33,0.0,0.0,11965,81.9973,20,1695,2.24,Mid,0.0,4.0,44,624.0,Mid
bJr5tcpVJU0,Rohit Khatri Wife 😂roast,2025-08-11,62.0,0:00:40,66.23,65.45,0.0,0.0,776,4.5925,1,2162,8.28,Mid,0.0,0.0,24,320.0,Mid
ojU8LtWb2jc,chapri dream😆 #shorts,2024-11-26,19.0,0:00:12,66.17,64.59,0.0,0.0,1760,5.9457,1,953,0.84,Mid,0.0,1.0,21,578.0,Mid
LzGS0TCRWaU,Tera Naam Kya Hai 😂,2025-08-03,42.0,0:00:22,66.01,53.53,0.0,0.0,3111,11.7901,5,2414,1.12,Mid,0.0,6.0,19,328.0,Mid
-4Osjkrggu4,costume cutter-2 #shorts,2024-12-11,27.0,0:00:19,65.98,71.27,0.0,0.0,10566,56.2982,0,2704,1.11,Mid,0.0,2.0,24,563.0,Mid
VikZpsIGdGE,kajal sejal dark-13 #shorts,2024-12-26,25.0,0:00:16,65.78,64.17,0.0,0.0,1339,5.886,2,1217,5.26,Mid,0.0,3.0,27,548.0,Mid
ZJQKhbEIWf4,nibba roast 😂 #shorts,2024-10-07,31.0,0:00:21,65.69,67.91,0.0,0.0,4049,23.6446,10,886,2.26,Mid,0.0,0.0,21,628.0,Mid
wwYOJwz2C0o,bachpan ki aadat #shorts,2024-12-11,52.0,0:00:23,65.57,45.52,0.0,0.0,841,5.4993,0,790,1.01,Mid,0.0,2.0,24,563.0,Mid
G5i-pSjVeHg,newspaper ki dress 😱,2024-06-10,40.0,0:00:21,65.56,54.72,0.0,0.0,2673,16.2365,8,737,1.49,Mid,0.0,0.0,20,747.0,Mid
dtFkyvtdmc4,saurav joshi ultimate content formula revealed 😂 #shorts #comedy,2024-11-07,26.0,0:00:13,65.52,51.73,0.0,0.0,20,0.0747,0,39,12.82,Low,0.0,3.0,64,597.0,Low
j09k9JILOcA,Fake Attitude 🤣,2026-02-13,36.0,0:00:27,65.5,76.73,0.0,0.0,4019,16.4152,22,1920,10.89,Mid,0.0,4.0,15,134.0,Mid
EXpjQ9UCiX8,maheep singh-2 😂 #shorts,2025-01-02,53.0,0:00:31,65.46,59.77,0.0,0.0,2129,18.6308,0,625,0.16,Mid,0.0,3.0,24,541.0,Mid
RDIBj-_TElw,Aloo Khaoge ? 😂,2025-09-25,39.0,0:00:26,65.39,68.69,0.0,0.0,3942,15.8014,11,5282,3.14,Mid,0.0,3.0,15,275.0,Mid
bd3p6o-eUGQ,Ye Kya Mil Gaya 🤣,2025-12-14,7.0,0:00:09,65.3,139.48,0.0,0.0,14540,17.6126,5,3307,3.78,Mid,0.0,6.0,17,195.0,Mid
D997Lle1RNI,Sejal Exx Roast,2025-03-09,30.0,0:00:16,65.22,53.84,0.0,0.0,1508,6.5769,1,2053,5.75,Mid,0.0,6.0,15,475.0,Mid
9ZSITR17UFc,Boy To Girl Makeup Transition 🤣,2026-05-09,34.0,0:00:29,65.17,86.92,0.0,0.0,276,1.1053,0,112,7.14,Low,0.0,5.0,31,49.0,Low
8MAYuW1gMI4,Chamach Trend 🤣,2026-02-19,34.0,0:00:24,64.97,71.77,0.0,0.0,1226,4.8386,22,341,18.48,Mid,0.0,3.0,15,128.0,Mid
nfjQaGLL48g,Bindas Kavya is Innocent 😡,2025-07-29,54.0,0:00:30,64.73,56.44,0.0,0.0,5048,25.6255,3,7860,6.36,Mid,0.0,1.0,26,333.0,Mid
owASCmmqDIM,Queen Sparrow 🤣,2025-10-03,34.0,0:00:24,64.64,72.45,0.0,0.0,5321,18.6195,6,9394,3.56,Mid,0.0,4.0,15,267.0,Mid
e1OG9XzGERg,The Delusional Country 😂,2025-05-17,52.0,0:00:22,64.63,43.8,0.0,0.0,3131,12.1046,4,2267,1.41,Mid,0.0,5.0,24,406.0,Mid
Cvc51yTWxw4,When TikTok Returns 😂,2025-08-29,38.0,0:00:23,64.6,62.5,0.0,0.0,659,2.3227,1,2388,3.81,Low,0.0,4.0,21,302.0,Mid
oKJPcP1Rc08,WORLDCUP X SASTA SANDEEP MAHESHWARI ! #shorts #shortsfeed #reaction,2023-11-25,42.0,0:00:29,64.59,70.22,0.0,0.0,14504,118.1145,23,2027,5.03,Mid,0.0,5.0,67,945.0,Mid
5fvY-vhpEb0,Cousin Lover Hamza 😂,2025-05-20,57.0,0:00:26,64.54,45.88,0.0,0.0,1909,8.7769,3,1910,1.73,Mid,0.0,1.0,20,403.0,Mid
3-4TeWY3T58,fortuner leli 😍 #comedy #funnycringe #funny,2024-05-29,26.0,0:00:21,64.52,83.92,0.0,0.0,20,0.1212,0,107,0.93,Low,0.0,2.0,43,759.0,Low
XOo5PSLXGtU,roast tony kakkar #shorts,2024-12-09,34.0,0:00:14,64.44,43.0,0.0,0.0,2941,11.9353,1,791,0.51,Mid,0.0,0.0,25,565.0,Mid
fQMsgXLO1EM,Overacting ki godaam 😡,2025-08-12,55.0,0:00:34,64.36,61.94,0.0,0.0,12268,66.024,36,2673,3.74,Mid,0.0,1.0,22,319.0,Mid
MEPXMUIyGHY,Jarurat 😂 (Nibba Nibbi),2026-05-11,47.0,0:00:30,64.1,64.02,0.0,0.0,20611,92.5726,125,6876,3.93,Top,0.0,0.0,23,47.0,Top
DeZfriPAVk4,Kajal Pandey Hidden Roast,2025-03-10,29.0,0:00:15,63.98,52.42,0.0,0.0,1390,5.7426,2,1171,3.67,Mid,0.0,0.0,25,474.0,Mid
AG35g93F66M,Sourav Joshi 😱,2025-09-24,40.0,0:00:23,63.96,58.51,0.0,0.0,3137,11.5896,4,4940,1.17,Mid,0.0,2.0,14,276.0,Mid
CN7yfT_0c4w,punjabi on samay raina show 😂 #shorts,2024-10-07,15.0,0:00:12,63.87,85.29,0.0,0.0,1265,4.4836,0,1160,0.69,Mid,0.0,0.0,37,628.0,Mid
fLy6L1U5zbs,roast ajaz khan 😑 #shorts,2024-07-24,45.0,0:00:18,63.72,40.41,0.0,0.0,1412,7.1129,0,933,2.57,Mid,0.0,2.0,25,703.0,Low
1c7aqNN3G0A,Sejal Ji Roast 😂,2025-05-23,60.0,0:00:28,63.72,48.27,0.0,0.0,6553,33.2757,9,1903,2.21,Mid,0.0,4.0,16,400.0,Mid
pJthKTyXytU,Bindas Kavya vs Devika  😱,2025-06-19,55.0,0:00:36,63.63,67.09,0.0,0.0,15843,87.4896,17,3636,5.28,Mid,0.0,3.0,25,373.0,Mid
IY39jWOhzuc,Princely Free Fire Roast,2025-03-10,29.0,0:00:19,63.61,66.16,0.0,0.0,2091,10.2299,4,1607,2.61,Mid,0.0,0.0,24,474.0,Mid
Ohc03uAlf_8,Rajputani 😱😅,2026-05-05,27.0,0:00:17,63.41,65.52,0.0,0.0,2890,8.4739,4,3266,2.05,Mid,0.0,1.0,12,53.0,Mid
nbZiS8glwe4,rajattt bhai 🔥 #shorts,2024-11-19,23.0,0:00:14,63.24,62.34,0.0,0.0,1890,7.5277,2,815,1.35,Mid,0.0,1.0,22,585.0,Mid
bUjOsRmnev4,Why Pawan Singh Left Rise & Fall 😲,2025-09-21,36.0,0:00:27,63.14,77.54,0.0,0.0,9912,41.0309,8,13870,4.97,Mid,0.0,6.0,34,279.0,Mid
463LDsC47SQ,Arvind kejriwal ghar pe aaye 😅 #funny,2024-03-23,21.0,0:00:22,62.96,105.47,0.0,0.0,17,0.1046,0,15,33.33,Low,0.0,5.0,37,826.0,Low
iYMO3y1T4Eo,Iphone Flex Gone Wrong 😂 (Android Wale King),2026-05-06,32.0,0:00:22,62.8,69.86,0.0,0.0,6405,22.9327,3,3734,1.34,Mid,0.0,2.0,44,52.0,Mid
umtRWZvXj6M,Lollypop 🤣,2025-12-19,35.0,0:00:26,62.75,77.04,0.0,0.0,68,0.2544,0,63,20.63,Low,0.0,4.0,10,190.0,Low
Pn7YHS0ZfYo,Lollipop 🤣,2025-12-19,23.0,0:00:15,62.5,65.48,0.0,0.0,10,0.0222,0,10,20.0,Low,0.0,4.0,10,190.0,Low
OrwNNGxlAL8,rakhi sawant vs maheep 😆 #shorts,2025-01-01,41.0,0:00:20,62.47,50.48,0.0,0.0,3786,21.6889,0,764,1.31,Mid,0.0,2.0,32,542.0,Mid
EPUrPlp2M_U,missed call fron samay #shorts,2024-12-10,32.0,0:00:15,62.45,49.72,0.0,0.0,484,2.1391,0,478,1.05,Low,0.0,1.0,30,564.0,Low
XWJ5kkij1YY,samay dance #shorts,2024-12-10,38.0,0:00:16,62.44,43.77,0.0,0.0,762,3.4816,1,877,0.57,Mid,0.0,1.0,19,564.0,Mid
hwm6kStkacs,The Conspiracy King Kuldeep Singhania Exposed😱,2025-08-26,57.0,0:00:29,62.03,51.86,0.0,0.0,2096,10.1644,3,3257,2.39,Mid,0.0,1.0,46,305.0,Mid
gq-FzmeJs_U,brainless bhabhi #shorts,2024-12-03,23.0,0:00:15,61.92,66.82,0.0,0.0,777,3.2867,1,1305,1.07,Mid,0.0,1.0,24,571.0,Mid
h1c54LuTJf8,heavy workout 😂 #shorts,2024-08-15,15.0,0:00:13,61.89,87.35,0.0,0.0,2494,9.067,2,780,3.08,Mid,0.0,3.0,23,681.0,Mid
E_UqGQlmySc,Over Cuteness Ki Dukaan 😂,2025-09-02,51.0,0:00:28,61.86,56.86,0.0,0.0,1532,6.9083,6,2155,3.81,Mid,0.0,1.0,25,298.0,Mid
5MPDgubDpEc,Tanya Mittal Roast 😂,2025-09-01,52.0,0:00:29,61.86,57.55,0.0,0.0,8457,41.4038,5,2560,5.63,Mid,0.0,0.0,20,299.0,Mid
lzP6eAF8iPA,Reality Of Big Billion Day Sale 🤯,2025-09-22,38.0,0:00:23,61.84,62.87,0.0,0.0,5571,21.6211,4,3706,1.3,Mid,0.0,0.0,33,278.0,Mid
VKilQexhOdU,Pyari Nari Khyati,2025-05-11,51.0,0:00:19,61.82,37.63,0.0,0.0,3494,11.8049,0,17878,4.56,Mid,0.0,6.0,17,412.0,Mid
bY8mZMSg6oQ,kajal sejal dark-7 #shorts,2024-12-04,21.0,0:00:14,61.74,67.07,0.0,0.0,4262,16.5631,9,2449,6.74,Mid,0.0,2.0,26,570.0,Mid
TOzX7GKfBaA,Girls Holi in Delhi Metro 😱 #funny #viral,2024-03-24,36.0,0:00:33,61.54,93.72,0.0,0.0,8,0.075,0,45,13.33,Low,0.0,6.0,41,825.0,Low
WjnebU9thN8,indian santa 😂 #shorts,2024-12-22,22.0,0:00:14,61.43,66.47,0.0,0.0,611,2.4607,0,1352,6.51,Low,0.0,6.0,22,552.0,Low
duwhKobIb5M,family vloger roast 😂 (part-1) #shorts,2024-10-18,45.0,0:00:17,61.41,38.99,0.0,0.0,428,2.0862,2,539,2.41,Low,0.0,4.0,38,617.0,Low
gfRqiUaOTvA,saurav joshi amma meme 😂 #funnycringe #comedy #memes,2024-05-17,15.0,0:00:11,61.35,75.01,0.0,0.0,3665,11.2934,5,3284,7.28,Mid,0.0,4.0,52,771.0,Mid
ZW1vR2VIV8A,Sparrow USA 24 Roast 💀,2025-09-27,40.0,0:00:28,61.29,72.33,0.0,0.0,5053,19.7584,9,12415,1.43,Mid,0.0,5.0,22,273.0,Mid
rJuyHZ0koxI,Crazy Bts Army 😂,2025-05-23,58.0,0:00:23,61.22,40.28,0.0,0.0,4098,16.1133,4,1683,1.07,Mid,0.0,4.0,16,400.0,Mid
9eLidBCoHnk,triggered inshan roast bts 😂 #shorts,2024-07-23,25.0,0:00:19,60.97,77.62,0.0,0.0,5180,27.4903,3,1943,3.86,Mid,0.0,1.0,36,704.0,Mid
TJ9QHjQYWWg,Mota Bhai ka kamar 😅 #shorts,2024-04-18,54.0,0:00:15,60.79,28.81,0.0,0.0,445,1.9228,0,518,2.7,Low,0.0,3.0,28,800.0,Low
U3RxpRnmWWA,latent 😂 #shorts,2024-12-17,17.0,0:00:13,60.71,76.68,0.0,0.0,482,1.7452,0,476,2.52,Low,0.0,1.0,16,557.0,Low
RMX-ts1s1es,Premanand Maharaj is Right 😡,2025-08-04,72.0,0:00:26,60.67,36.98,0.0,0.0,1469,6.4062,3,2727,1.94,Mid,0.0,0.0,28,327.0,Mid
qhXBPedjiwg,systumm nakli nikla 😡 #shorts,2024-03-08,13.0,0:00:13,60.56,101.01,0.0,0.0,8770,31.9368,19,927,2.59,Mid,0.0,4.0,29,841.0,Mid
QfAvDKY6iTw,gufa 😂 #shorts,2025-01-03,52.0,0:00:21,60.56,41.48,0.0,0.0,622,3.6649,0,622,0.16,Low,0.0,4.0,14,540.0,Low
MNwv0PPncXk,Overrated girls of instagram 😡,2025-05-29,58.0,0:00:31,60.55,54.55,0.0,0.0,9124,46.1639,4,2077,6.02,Mid,0.0,3.0,30,394.0,Mid
BPotE9a6yjo,why sejal exx 🤢 #treanding,2024-11-14,29.0,0:00:18,60.52,62.71,0.0,0.0,6710,33.87,17,1905,3.36,Mid,0.0,3.0,26,590.0,Mid
rMRVV1-cl-0,life of batchelor 😂,2024-07-09,9.0,0:00:08,60.3,97.09,0.0,0.0,484,1.1748,0,543,1.84,Low,0.0,1.0,19,718.0,Low
5uVusto2gSk,dark queen sejal sister roast #treanding,2024-11-16,14.0,0:00:11,60.28,79.66,0.0,0.0,4158,12.8565,4,4794,8.57,Mid,0.0,5.0,40,588.0,Mid
yTM6LxItKus,sejal exx😑 roast queen of dark humour #shorts,2024-11-12,27.0,0:00:18,60.08,67.22,0.0,0.0,5473,27.5743,6,3944,5.38,Mid,0.0,1.0,45,592.0,Mid
zj0SsmmfOnQ,Kota Students Story💀 #funny,2024-03-19,10.0,0:00:11,60.0,114.23,0.0,0.0,3,0.0095,0,4,75.0,Low,0.0,1.0,27,830.0,Low
ukLhp2RINQ4,Most Educated Girls 💀,2025-07-01,60.0,0:00:37,59.83,62.32,0.0,0.0,4091,22.1611,7,2630,7.45,Mid,0.0,1.0,21,361.0,Mid
_N9pdLITPj4,rajat vs ravi #comedy,2024-11-17,16.0,0:00:14,59.72,90.05,0.0,0.0,9477,37.8156,5,1561,0.83,Mid,0.0,6.0,21,587.0,Mid
DHJzK5RnkuU,Instagram ke chapri 😂 #funnycringe #comedy,2024-06-02,37.0,0:00:16,59.59,43.57,0.0,0.0,1352,6.0505,2,723,1.94,Mid,0.0,6.0,42,755.0,Mid
Qfad8Mzh7dE,the solution-2 💀 #shorts,2024-12-06,22.0,0:00:12,59.46,58.02,0.0,0.0,132,0.468,0,574,11.5,Low,0.0,4.0,24,568.0,Low
5sqpY3GrIqs,Kajal Reel Roast,2025-04-11,35.0,0:00:19,59.3,54.99,0.0,0.0,4385,13.7533,3,1552,3.99,Mid,0.0,4.0,16,442.0,Mid
QFobTN8JCmY,Pakistan After Losing to India 😂,2025-09-30,48.0,0:00:26,59.21,54.7,0.0,0.0,6883,26.9864,5,8874,0.65,Mid,0.0,1.0,32,270.0,Mid
aGRB6N5TYuY,african momos 😱 #shorts #comedy,2024-10-29,34.0,0:00:17,59.09,52.69,0.0,0.0,13,0.0647,0,54,7.41,Low,0.0,1.0,31,606.0,Low
t8MrWUi71h4,costume cutter #shorts,2024-12-10,28.0,0:00:17,58.9,63.27,0.0,0.0,6018,29.0137,1,3681,0.52,Mid,0.0,1.0,22,564.0,Mid
YpI3I48VXpA,Kejriwal को जेल ! #viral #funny,2024-03-23,21.0,0:00:17,58.79,81.58,0.0,0.0,833,3.964,1,760,2.63,Mid,0.0,5.0,31,826.0,Mid
pUjSdnloPzI,lord puneet aur sheer #shorts,2024-11-26,27.0,0:00:16,58.64,60.68,0.0,0.0,1448,6.5636,0,1088,0.83,Mid,0.0,1.0,29,578.0,Mid
1RHG9KNAj-o,Painful Reality Of Kota 😡,2025-09-23,32.0,0:00:21,58.58,65.11,0.0,0.0,2758,8.2207,0,3749,5.55,Mid,0.0,1.0,25,277.0,Mid
GdBwqZU0Em0,Day-3 Reality Of Women #30dayschallenge,2025-07-08,47.0,0:00:25,58.48,55.1,0.0,0.0,615,2.485,0,147,14.29,Low,0.0,1.0,39,354.0,Low
OTS27g3bIXw,FUN ON HINDU 😱 #shorts,2024-01-13,35.0,0:00:25,58.45,73.23,0.0,0.0,3828,27.2424,3,1034,2.8,Mid,0.0,5.0,22,896.0,Mid
pfk2CtxO5To,Real Ghost Caught 😱,2026-05-01,34.0,0:00:23,58.32,69.68,0.0,0.0,5320,19.9662,37,3015,2.42,Mid,0.0,4.0,19,57.0,Mid
 -nRXRIdE3Jk,boys with iPhone 😅 #shorts #funny,2024-03-09,7.0,0:00:08,58.2,125.6,0.0,0.0,1871,4.5693,2,544,2.94,Mid,0.0,5.0,33,840.0,Mid
FUhtHg_vQB4,cringe girl 😂 #shorts,2024-10-01,37.0,0:00:20,58.16,54.62,0.0,0.0,2088,11.7111,4,842,0.95,Mid,0.0,1.0,21,634.0,Mid
_XHulpjxrDE,Danish Zehen Comeback is Funny 😂 #shorts,2024-09-20,40.0,0:00:22,58.09,56.4,0.0,0.0,1097,6.8465,3,798,2.13,Mid,0.0,4.0,40,645.0,Mid
vUidAnnYKFg,kajal sejal dark-12 #shorts,2024-12-25,39.0,0:00:14,58.04,37.04,0.0,0.0,502,1.98,0,889,3.82,Low,0.0,2.0,27,549.0,Low
z_he6iBE0MI,RIP For Poor,2025-03-16,50.0,0:00:26,58.0,53.31,0.0,0.0,42,0.2276,1,808,0.87,Low,0.0,6.0,12,468.0,Low
qRpoFd6FbDM,just a filler 😂 #shorts,2025-01-02,53.0,0:00:24,57.9,46.09,0.0,0.0,1585,10.69,0,472,0.64,Mid,0.0,3.0,23,541.0,Mid
FYZV6pz_Ebw,shilajit ❌ redbull ✅-1 #shorts,2024-12-10,46.0,0:00:21,57.65,46.22,0.0,0.0,438,2.5866,0,476,0.63,Low,0.0,1.0,30,564.0,Mid
c0ujZ7UKvJA,Bts Army 🤮,2025-05-27,55.0,0:00:26,57.38,47.47,0.0,0.0,2971,12.039,6,1937,0.72,Mid,0.0,1.0,10,396.0,Mid
mYFE6uBU108,Cringe fitness 🤮 #shorts,2024-04-16,41.0,0:00:17,57.25,42.1,0.0,0.0,438,2.1003,2,487,2.87,Low,0.0,1.0,24,802.0,Low
iGasQtQYPiQ,cute boy of india 😂,2024-06-23,27.0,0:00:19,57.17,73.02,0.0,0.0,5386,29.4821,18,857,1.75,Mid,0.0,6.0,19,734.0,Mid
XSn-r6dhru8,@SamayRainaOfficial 😂 #shorts,2025-01-04,23.0,0:00:14,56.97,63.25,0.0,0.0,544,2.1506,0,714,0.98,Low,0.0,5.0,29,539.0,Low
G6PGqqZQiHg,Wasim Ne Joginder Ko 🤣,2025-11-16,31.0,0:00:19,56.75,63.32,0.0,0.0,1416,4.1616,0,342,7.6,Mid,0.0,6.0,22,223.0,Mid
qdGEGcbsj3g,Dark Comedy Roast on Kajal Pandey 😈 | #RelatableMemes #Funny #KajalPandey #Comedy #YTShorts,2025-01-28,40.0,0:00:20,56.44,52.37,0.0,0.0,78,0.3395,0,681,3.52,Low,0.0,1.0,91,515.0,Low
UM9m7_iYb7A,dark queen sejal exx roast 😱,2024-11-15,38.0,0:00:18,56.28,48.3,0.0,0.0,1776,9.054,3,1574,8.45,Mid,0.0,4.0,28,589.0,Mid
e_rXvj727UA,mikha singh 😂 #shorts,2025-01-02,51.0,0:00:22,56.01,44.55,0.0,0.0,540,3.3553,0,475,0.42,Low,0.0,3.0,21,541.0,Low
OfvNdUFPnZs,Gift ke lea shadi!,2024-04-04,7.0,0:00:08,55.76,117.1,0.0,0.0,2154,4.9046,1,476,3.78,Mid,0.0,3.0,18,814.0,Mid
K16OY2VcNVA,Maqsad 💀#shorts #roast,2024-04-29,7.0,0:00:08,55.6,125.12,0.0,0.0,303,0.7372,1,465,2.8,Low,0.0,0.0,22,789.0,Low
FxtwYBbvpAI,Miss Dhurandhar 🤣,2026-03-20,34.0,0:00:26,55.55,78.3,0.0,0.0,15478,57.7249,327,5683,7.04,Mid,0.0,4.0,17,99.0,Mid
bZ3pkn2rRsc,whole day,2024-07-08,25.0,0:00:16,55.52,67.42,0.0,0.0,1741,8.1509,4,479,1.25,Mid,0.0,0.0,9,719.0,Mid
N8G5PtXmLPc,bachelor life 😂,2024-07-10,8.0,0:00:08,55.06,110.1,0.0,0.0,643,1.5732,1,625,1.92,Low,0.0,2.0,15,717.0,Low
i9HHMfdV28k,Instagram Ke Saste Gangster,2025-03-15,38.0,0:00:17,54.95,46.08,0.0,0.0,77,0.2834,-1,858,2.33,Low,0.0,5.0,27,469.0,Low
yqwpIhXg3V0,badmosh jaat #shorts,2024-11-29,16.0,0:00:09,54.86,60.73,0.0,0.0,542,1.463,0,748,1.47,Low,0.0,4.0,20,575.0,Mid
cySaeGcN3cc,kajal sejal dark-15 #shorts,2025-01-07,40.0,0:00:16,54.82,41.62,0.0,0.0,132,0.5119,1,996,1.91,Low,0.0,1.0,27,536.0,Low
p9KyoMK5DVE,unique ravan dahan 😂 #shorts,2024-10-16,29.0,0:00:22,54.71,76.71,0.0,0.0,496,3.0648,0,652,2.45,Low,0.0,2.0,28,619.0,Low
RzM9Ho-3NNQ,kajal sejal dark-2 #shorts,2024-11-24,29.0,0:00:20,54.11,70.56,0.0,0.0,3124,17.3833,3,3647,8.77,Mid,0.0,6.0,26,580.0,Mid
WBVJzccRhtc,Bts Girls In India 🤗,2025-06-04,54.0,0:00:24,53.99,45.33,0.0,0.0,5136,19.1331,11,1891,2.06,Mid,0.0,2.0,20,388.0,Mid
5xs5BmojXPo,muskankariya  😡 #shorts  #comedy,2024-06-06,43.0,0:00:22,53.96,52.22,0.0,0.0,341,2.1271,3,361,2.22,Low,0.0,3.0,32,751.0,Low
oRYUAmFxLEY,maheep singh 😂 #shorts,2025-01-02,60.0,0:00:28,53.68,47.1,0.0,0.0,2377,18.5628,2,1094,0.82,Mid,0.0,3.0,22,541.0,Mid
YFlVR6fEqlM,Sejal's Sister Roast 😡,2025-05-31,59.0,0:00:27,53.64,46.35,0.0,0.0,1413,5.6342,0,1266,6.24,Mid,0.0,5.0,22,392.0,Mid
a2QEr7cBqsQ,sejal exx roast💀 part 2 #shorts,2024-10-02,36.0,0:00:21,53.53,60.38,0.0,0.0,3604,21.7059,4,1228,1.87,Mid,0.0,2.0,31,633.0,Mid
X0C4isqcMsM,Kajal Ji Roast 😂,2025-05-16,55.0,0:00:28,53.44,51.31,0.0,0.0,10294,43.1265,5,1570,2.8,Mid,0.0,4.0,16,407.0,Mid
XeSmWfrD92I,Really 🤔,2025-06-17,60.0,0:00:23,53.24,38.92,0.0,0.0,7738,27.1447,0,2206,1.99,Mid,0.0,1.0,8,375.0,Mid
la02XkgImXI,reality of chandra harsh 🤧 #shorts,2025-02-21,57.0,0:00:26,52.95,46.2,0.0,0.0,884,5.8278,0,2904,4.06,Mid,0.0,4.0,34,491.0,Mid
UISOFnrWpBU,The Kajal Sejal 😱,2025-05-28,59.0,0:00:18,52.69,31.83,0.0,0.0,879,2.4918,0,1016,2.66,Mid,0.0,2.0,17,395.0,Mid
n5ceexn7pX8,girls new demand 😂 #shorts,2024-10-19,45.0,0:00:18,52.63,40.88,0.0,0.0,479,2.4478,1,550,2.18,Low,0.0,5.0,26,616.0,Low
 -uUEWnRiNmM,Kajal Pandey Roast 🌚 Wait For End #shorts,2024-09-25,36.0,0:00:18,52.58,51.88,0.0,0.0,583,3.0246,0,584,10.96,Low,0.0,2.0,41,640.0,Low
3bNab5ebX9I,what happened sejal #shorts,2024-11-15,21.0,0:00:13,52.56,63.45,0.0,0.0,3600,13.2894,4,1687,3.68,Mid,0.0,4.0,27,589.0,Mid
Bryj9-NKloM,Iit baba prediction fail 😂 #cricket,2025-02-23,22.0,0:00:13,52.5,59.78,0.0,0.0,750,2.687,1,689,1.31,Mid,0.0,6.0,35,489.0,Mid
75MwikMkJd4,kaali raat 😂 #shorts,2025-01-02,26.0,0:00:16,52.46,64.74,0.0,0.0,2044,9.5169,1,540,0.56,Mid,0.0,3.0,20,541.0,Mid
HNt2niuIjyo,DRAMA OF NEWS MEDIA ON PARLIAMENT ATTACK  #viral,2023-12-13,27.0,0:00:20,52.42,75.86,0.0,0.0,4329,24.4952,8,1848,2.6,Mid,0.0,2.0,48,927.0,Mid
nkPqmihiMHY,black momos 🤮 #comedy #funny,2024-10-29,34.0,0:00:13,52.34,39.19,0.0,0.0,593,2.1948,0,713,1.54,Low,0.0,1.0,28,606.0,Low
UFOOs8Pa6i4,sendha namak ka power 😂 #funny,2024-03-17,13.0,0:00:12,52.26,94.91,0.0,0.0,5890,19.9791,8,2204,6.81,Mid,0.0,6.0,30,832.0,Mid
SFhrwv7kP8Q,Aarush Bhola Roast,2025-03-22,35.0,0:00:19,52.08,55.31,0.0,0.0,781,3.8846,0,2180,2.16,Mid,0.0,5.0,18,462.0,Mid
i804SS1HsqM,Ek Dost Aisa Bhi 🤣,2026-01-25,18.0,0:00:14,52.07,79.6,0.0,0.0,6230,12.1263,5,5485,1.09,Mid,0.0,6.0,18,153.0,Mid
8b0P9ha-Jjw,chaddi girl 😂 #shorts,2024-12-22,36.0,0:00:18,52.03,51.13,0.0,0.0,627,3.2061,0,521,4.99,Low,0.0,6.0,21,552.0,Low
EMf5HYqrQWM,Urfi Javed Helicopter Dress,2025-03-30,39.0,0:00:14,51.96,37.79,0.0,0.0,895,2.5621,0,1302,1.0,Mid,0.0,6.0,27,454.0,Mid
OtgTzOW8-7A,Evergreen chapri girl 🤢 #shorts,2024-04-19,33.0,0:00:13,51.85,41.34,0.0,0.0,487,1.8453,1,492,2.03,Low,0.0,4.0,31,799.0,Low
3Z9wFKdne5E,gen z baba abhinav arora 😂 #shorts #funny,2024-10-26,46.0,0:00:30,51.34,66.33,0.0,0.0,5519,46.4146,5,2580,1.4,Mid,0.0,5.0,41,609.0,Mid
O064c9QVv0o,Hamza Syed Roast 🔥,2025-05-12,64.0,0:00:27,51.29,43.58,0.0,0.0,2670,10.3574,2,8880,3.13,Mid,0.0,0.0,18,411.0,Mid
PsPj0R0f4Oo,lord puneet animal #shorts,2024-12-06,22.0,0:00:12,51.28,59.84,0.0,0.0,81,0.2827,1,610,7.7,Low,0.0,4.0,26,568.0,Low
TSLAZKuI3zQ,Dark chocolate boi 😱#shorts,2024-04-15,40.0,0:00:15,51.23,37.62,0.0,0.0,418,1.7473,4,420,3.1,Low,0.0,0.0,27,803.0,Low
xxZ5BS-QEvU,motivational speaker ka baap 😂 #shorts #funnycringe,2024-06-12,32.0,0:00:19,51.08,58.62,0.0,0.0,3051,16.3691,9,702,1.28,Mid,0.0,2.0,51,745.0,Mid
Z3HT_Lxt7n4,reality of aman baisla 😂 #shorts,2025-02-17,53.0,0:00:27,50.9,52.59,0.0,0.0,833,6.1206,0,1661,3.31,Mid,0.0,0.0,32,495.0,Mid
Z6KBSOf62T8,World Biggest Beggar,2025-04-26,43.0,0:00:21,50.62,49.74,0.0,0.0,2067,6.2209,3,1387,0.94,Mid,0.0,5.0,20,427.0,Mid
Da0pkHxXDG8,Bts army roast 😡 #shorts,2024-07-17,27.0,0:00:22,50.38,82.42,0.0,0.0,5399,26.777,9,6665,6.27,Mid,0.0,2.0,24,710.0,Mid
DOApzD7E9NU,Bts Craze In Girls 😱,2025-06-10,50.0,0:00:26,50.34,52.71,0.0,0.0,4504,16.7752,5,2187,2.51,Mid,0.0,1.0,20,382.0,Mid
4tmcXZArd84,latent roast 😅 #shorts,2024-12-07,22.0,0:00:16,50.23,74.55,0.0,0.0,439,2.0,0,548,1.28,Low,0.0,5.0,22,567.0,Low
ugDydQmdV3Q,kajal sejal dark-11 #shorts,2024-12-24,39.0,0:00:19,50.21,50.97,0.0,0.0,750,4.0568,1,1034,2.51,Mid,0.0,1.0,27,550.0,Mid
p0QtzIlDgX0,Baba Ji X Modi Meme Reaction,2025-03-31,45.0,0:00:18,50.13,40.9,0.0,0.0,1117,3.1215,0,1373,0.8,Mid,0.0,0.0,28,453.0,Mid
yCYowTjpFTE,Safety 😂 #shorts,2025-01-30,13.0,0:00:17,50.0,138.08,0.0,0.0,2,0.01,0,0,3.02,Low,0.0,3.0,16,513.0,Low
oAJjiTaFhAE,Reality of German Shepherd 😱#bjp #viral,2024-05-06,53.0,0:00:53,50.0,100.94,0.0,0.0,3,0.0446,0,0,3.02,Low,0.0,0.0,39,782.0,Low
YcBxjJ5ZEo8,Fokus Fake Drink Exposed,2025-03-19,33.0,0:00:26,49.85,79.11,0.0,0.0,2446,17.5177,1,1146,1.05,Mid,0.0,2.0,24,465.0,Mid
xed9ZtstTZA,ALERT ! #shorts,2023-12-18,6.0,0:00:07,49.67,125.91,0.0,0.0,1375,2.8585,0,1124,2.76,Mid,0.0,0.0,15,922.0,Mid
2MQ0R3W5a0g,papa kaise hai 😂 #shorts,2025-01-02,55.0,0:00:25,49.58,46.33,0.0,0.0,1208,8.4552,0,514,0.58,Mid,0.0,3.0,24,541.0,Mid
7u-rSbfge0Q,gareebo ka ajay devgan 😂 #shorts,2024-04-20,31.0,0:00:20,49.58,65.06,0.0,0.0,297,1.6638,0,417,4.56,Low,0.0,5.0,32,798.0,Low
q1lzBro7SXo,modern police Enjoy dance With Duty 😀 #shorts,2023-12-15,27.0,0:00:18,49.2,69.21,0.0,0.0,3224,16.6111,3,1739,1.9,Mid,0.0,4.0,45,925.0,Mid
 -AWGbwyFwRQ,nada 😂 #shorts,2025-01-03,59.0,0:00:25,49.16,43.8,0.0,0.0,540,3.7805,1,692,0.29,Low,0.0,4.0,14,540.0,Low
G3LrWSClSfA,instagram ke baba 😂 #shorts,2024-09-23,15.0,0:00:15,49.09,103.78,0.0,0.0,27,0.1167,0,667,1.2,Low,0.0,0.0,27,642.0,Low
49giwJjgApE,bakl@nd  business wala 😂 #shorts,2024-02-02,24.0,0:00:17,48.98,72.71,0.0,0.0,3225,15.5742,0,1166,1.37,Mid,0.0,4.0,32,876.0,Mid
ona2wUkXnRs,aaj kal ki ladkiya 😆 #shorts,2024-11-28,21.0,0:00:15,48.73,74.24,0.0,0.0,975,4.1935,2,1038,1.45,Mid,0.0,3.0,28,576.0,Mid
5XiASzQsrM0,NO P*RN #30dayschallenge,2025-07-02,48.0,0:00:22,48.64,46.17,0.0,0.0,1691,5.3001,2,3189,3.92,Mid,0.0,2.0,24,360.0,Mid
hkjUheRAR3k,Power Of Bihari 🔥,2026-06-23,35.0,0:00:19,48.61,54.53,0.0,0.0,3697,9.6794,6,495,10.51,Mid,0.0,1.0,17,4.0,Mid
cCNmfslWBQc,aukat! #shorts,2023-12-31,22.0,0:00:18,48.27,86.1,0.0,0.0,4966,26.0641,9,1662,2.17,Mid,0.0,6.0,14,909.0,Mid
oVfEXdhAIts,Mehnat 🔥 #shorts,2024-10-15,16.0,0:00:09,48.27,58.53,0.0,0.0,473,1.2305,2,520,1.35,Low,0.0,1.0,16,620.0,Low
w-JSU1463aA,cringe shorts pt-1😂,2024-06-22,30.0,0:00:19,48.15,64.94,0.0,0.0,821,4.4428,3,437,0.92,Mid,0.0,5.0,19,735.0,Mid
mkwjlKRJP0w,OG Workout 😂,2025-07-27,60.0,0:00:29,48.06,49.79,0.0,0.0,1536,6.0476,1,2233,1.25,Mid,0.0,6.0,12,335.0,Mid
1-aQXsJ5Xp8,Hindustani bhau angery 🤬 on samay Raina #shorts,2025-02-22,45.0,0:00:21,48.05,48.43,0.0,0.0,985,5.8221,0,780,0.9,Mid,0.0,5.0,47,490.0,Mid
vElZRnenrCo,UP ka badmash baccha 😱 #shorts #roast,2024-04-24,60.0,0:00:31,48.0,52.95,0.0,0.0,48,0.4236,0,13,53.85,Low,0.0,2.0,37,794.0,Low
4-r_KP8rKbw,15 August Special Cringe 😂,2025-08-15,57.0,0:00:34,47.86,60.78,0.0,0.0,2395,10.7926,6,2543,4.95,Mid,0.0,4.0,26,316.0,Mid
ASF9JW4GGQs,kajal sejal dark-3 #shorts,2024-11-27,46.0,0:00:22,47.8,47.95,0.0,0.0,1426,8.6562,1,1776,2.98,Mid,0.0,2.0,26,577.0,Mid
B6lRNCLVAFM,kota student story #funny,2024-03-19,10.0,0:00:10,47.76,101.55,0.0,0.0,891,2.4979,2,915,2.08,Mid,0.0,1.0,25,830.0,Mid
J8Qbu3Czqag,Instagram's budget motivator 😂 #shorts  #funnycringe,2024-06-16,38.0,0:00:18,47.74,47.12,0.0,0.0,1384,7.2328,2,579,1.21,Mid,0.0,6.0,52,741.0,Mid
4e1L-huIseg,VLOGERS ki duniya!  🤯 #shorts #funny,2023-12-17,25.0,0:00:20,47.73,80.27,0.0,0.0,5092,28.2835,10,2057,1.8,Mid,0.0,6.0,36,923.0,Mid
cXRPQRpDdGU,I Roasted BTS ARMY,2025-04-08,46.0,0:00:27,47.56,59.03,0.0,0.0,3393,11.6926,2,2091,6.41,Mid,0.0,1.0,18,445.0,Mid
p4m7fFvs3EQ,Power of ? 😅 #shorts,2024-03-17,13.0,0:00:10,47.5,84.25,0.0,0.0,19,0.0578,0,1,100.0,Low,0.0,6.0,20,832.0,Low
dwZH2pclFXY,L@nd DOCTOR OF INSTAGRAM 😱 #shorts,2024-02-04,27.0,0:00:14,47.34,53.97,0.0,0.0,1501,6.0573,8,1104,1.81,Mid,0.0,6.0,34,874.0,Mid
roPghI6Qlnw,cringe attitude reels roast 😂 #shorts,2024-10-03,28.0,0:00:15,46.84,54.23,0.0,0.0,479,2.0204,0,548,1.09,Low,0.0,3.0,37,632.0,Low
vbPHLixmFD8,sejal exx roast 😅 wait for end #shorts,2024-12-03,27.0,0:00:14,46.75,53.33,0.0,0.0,180,0.72,0,1040,9.23,Low,0.0,1.0,38,571.0,Low
NqBVnYP_ArU,Instagram Treand Gone Wrong 😂,2025-09-14,30.0,0:00:20,46.62,67.27,0.0,0.0,1421,3.5966,6,2537,1.62,Mid,0.0,6.0,29,286.0,Mid
bycihJjwq9c,nibba is worst than you thought 🤣 #comedy #shorts,2024-11-05,42.0,0:00:17,46.42,41.21,0.0,0.0,551,2.6489,2,934,2.89,Low,0.0,1.0,49,599.0,Low
bSalNdVY_gk,Arman Malik Wife 🥵,2025-06-18,67.0,0:00:36,46.3,54.53,0.0,0.0,2335,10.6786,1,2540,3.62,Mid,0.0,2.0,18,374.0,Mid
E8TkZh4AN7U,danish zehen  😂 #shorts,2024-09-21,40.0,0:00:21,46.25,54.44,0.0,0.0,820,4.9599,4,450,2.44,Mid,0.0,5.0,23,644.0,Mid
 -bKWn1Evmp0,kajal sejal solution #shorts,2024-12-08,22.0,0:00:16,46.07,77.13,0.0,0.0,3819,17.9553,3,5137,10.32,Mid,0.0,6.0,28,566.0,Mid
F-9oj4hV2vY,kaminey dost 😂,2024-06-20,43.0,0:00:22,45.87,51.82,0.0,0.0,2043,12.611,1,688,0.73,Mid,0.0,3.0,14,737.0,Mid
u7vYhpwt3lU,R.I.P BTS fans🤣🤣 #roast #shorts,2024-08-17,15.0,0:00:18,45.79,125.13,0.0,0.0,2348,11.742,10,2789,3.23,Mid,0.0,5.0,31,679.0,Mid
fx1rzgBPyoY,chapri bois🤣 #shorts,2024-10-13,29.0,0:00:18,45.76,64.4,0.0,0.0,473,2.454,1,662,1.96,Low,0.0,6.0,20,622.0,Mid
HVS3SVIzFFQ,jiyan hai aap😅 #shorts #funny,2024-03-07,6.0,0:00:08,45.69,141.21,0.0,0.0,686,1.6145,2,1347,4.01,Low,0.0,3.0,29,842.0,Low
aqFIX4_5MSQ,Pakistani Meme Reaction,2025-03-31,48.0,0:00:27,45.64,56.96,0.0,0.0,2273,8.1471,1,2515,0.64,Mid,0.0,0.0,23,453.0,Mid
E-ZE-XgdZ_4,Sugar Daddy Meme Reaction,2025-04-01,56.0,0:00:14,45.56,25.29,0.0,0.0,962,1.9593,0,1507,0.86,Mid,0.0,1.0,25,452.0,Mid
AMwevOGJgwU,Online Show-Off Gone Too Far!,2025-03-17,39.0,0:00:19,45.47,50.46,0.0,0.0,555,2.9687,1,842,0.48,Low,0.0,0.0,29,467.0,Low
RrtphhJF-lo,shadi pe gift😬 #shorts,2024-03-15,12.0,0:00:12,45.28,100.77,0.0,0.0,518,1.7399,2,413,3.15,Low,0.0,4.0,22,834.0,Low
2uFpWvNAHg8,गुटखा premi 😂 #shorts #roast,2024-04-22,32.0,0:00:17,45.23,54.21,0.0,0.0,403,1.9418,0,439,3.42,Low,0.0,0.0,28,796.0,Low
pM9o3XNt7Q4,rip pysics and logic 🤣 #shorts,2024-09-29,38.0,0:00:17,45.06,46.98,0.0,0.0,452,2.2413,0,458,3.93,Low,0.0,6.0,30,636.0,Low
amcd02T1E60,elvish ki sachi 😡 #shorts #viral,2024-03-10,43.0,0:00:32,44.99,76.74,0.0,0.0,1489,13.6044,2,921,2.17,Mid,0.0,6.0,32,839.0,Mid
i3C0V-G1jk0,auto tune reaction #shorts,2024-12-09,46.0,0:00:20,44.78,44.48,0.0,0.0,3706,21.0433,1,825,1.45,Mid,0.0,0.0,26,565.0,Mid
gYejZUST_sI,instagram ki nibbiya 😂😂 #shorts  #funnycringe,2024-06-13,26.0,0:00:17,44.76,58.82,0.0,0.0,1277,6.205,4,641,1.4,Mid,0.0,3.0,45,744.0,Mid
_VGaQ_A_Cl4,Rakshabandhan Cringe || mobster manav || #shorts #shortsfeed,2023-08-30,46.0,0:02:43,44.58,356.52,0.0,0.0,371,16.9008,7,897,1.9,Low,0.0,2.0,60,1032.0,Low
kkybk2kJK6Y,Bihari Song Roast 😂,2025-05-14,56.0,0:00:23,44.44,41.61,0.0,0.0,839,2.4081,0,1708,1.46,Mid,0.0,2.0,19,409.0,Mid
7VNKwVs8V_M,Viral girls playing HOLI in Delhi Metro 🚅,2024-03-25,36.0,0:00:18,44.29,50.19,0.0,0.0,1580,7.8876,3,1817,1.49,Mid,0.0,0.0,41,824.0,Mid
j_JIiPhl-pw,Khan Baba Roast 😂,2025-05-19,53.0,0:00:22,43.99,42.83,0.0,0.0,1496,4.2103,5,2053,2.0,Mid,0.0,0.0,17,404.0,Mid
TgO3Wc2Tohk,Puneet Superstar vs Rajat Dalal,2025-03-07,26.0,0:00:14,43.76,55.19,0.0,0.0,566,2.0621,1,1144,0.96,Low,0.0,4.0,31,477.0,Low
2vIX3LGO-fA,Rise And Fall Salary Pawan Singh 🫨,2025-09-19,33.0,0:00:18,43.41,57.4,0.0,0.0,1520,3.454,0,3194,0.94,Mid,0.0,4.0,34,281.0,Mid
0ACbthyB0ZE,gen z baba exposed 😂 #comedy #funny,2024-10-28,40.0,0:00:19,43.25,48.75,0.0,0.0,602,3.261,3,713,1.82,Low,0.0,0.0,35,607.0,Low
9qWEh_4tZUo,bodycount 😂 #shorts,2025-01-03,30.0,0:00:20,43.04,66.7,0.0,0.0,548,2.9626,0,674,0.74,Low,0.0,4.0,19,540.0,Mid
rgIcQy5hlHs,Pakistan Pagal Ho Gaya 🤣,2026-03-28,35.0,0:00:18,42.95,53.56,0.0,0.0,1750,4.2821,6,245,10.61,Mid,0.0,5.0,24,91.0,Mid
dNBU3YVvXoU,Fake Bollywood Star 😡,2025-05-17,41.0,0:00:19,42.89,46.55,0.0,0.0,827,2.0155,0,643,1.4,Mid,0.0,5.0,21,406.0,Mid
3jW8AWsZR7M,sejal exx😂roast,2024-09-23,34.0,0:00:20,42.88,58.88,0.0,0.0,526,2.9249,1,1039,5.97,Low,0.0,0.0,15,642.0,Low
P7cnQbGhY6o,Happy Independence Day! #shorts,2024-08-15,15.0,0:00:12,42.86,84.34,0.0,0.0,66,0.2319,0,47,25.53,Low,0.0,3.0,31,681.0,Low
n-_DdnYfhEc,cringe saurav joshi 😂 #shorts,2024-10-24,31.0,0:00:11,42.68,37.85,0.0,0.0,438,1.4274,1,509,0.98,Low,0.0,3.0,29,611.0,Low
qQPPktNgCWg,Best chapri collab 2024 🤮#shorts #roast,2024-04-27,52.0,0:00:17,42.59,33.03,0.0,0.0,484,2.3094,1,604,2.98,Low,0.0,5.0,39,791.0,Low
9QBp_pfc-dc,food vloger #shorts,2024-11-27,32.0,0:00:17,42.59,54.0,0.0,0.0,598,2.8571,0,916,0.33,Low,0.0,2.0,19,577.0,Low
gMfr8M9EJXk,hate comments! #viral #shortvideo,2024-05-28,24.0,0:00:15,42.47,64.49,0.0,0.0,592,2.5245,1,721,1.94,Low,0.0,1.0,33,760.0,Low
86D4N46I_Vc,king of pubg 😂 #funny #funnycringe #shorts,2024-10-25,31.0,0:00:18,42.39,61.05,0.0,0.0,782,4.0957,2,762,1.18,Mid,0.0,4.0,42,610.0,Mid
UqtEspr5ANg,Roast Aayushi 😂,2024-07-04,40.0,0:00:19,42.19,48.52,0.0,0.0,2488,13.4017,9,898,4.68,Mid,0.0,3.0,15,723.0,Mid
7WesqwPJaVI,badmash baccha 😱,2024-04-13,38.0,0:00:16,42.15,44.0,0.0,0.0,462,2.1459,3,378,1.32,Low,0.0,5.0,16,805.0,Low
qQ1v3ZQSxps,chapri's favorite food #shorts,2024-11-27,23.0,0:00:15,42.14,65.91,0.0,0.0,1007,4.1339,1,1134,2.29,Mid,0.0,2.0,30,577.0,Low
fvbAONUsDo0,nibba nibbi ki prem kahani 😂 😂,2024-06-29,34.0,0:00:21,42.13,64.23,0.0,0.0,1523,9.215,5,828,1.81,Mid,0.0,5.0,30,728.0,Mid
uRlsZrRhReE,happy diwali 😂 #shorts #funny,2024-10-30,34.0,0:00:17,42.09,51.15,0.0,0.0,419,2.024,2,718,0.84,Low,0.0,2.0,29,605.0,Low
eTPydoLbSKA,reels ka virus 😂 #shorts  #funnycringe,2024-06-14,34.0,0:00:22,41.89,59.99,0.0,0.0,2064,12.6363,5,622,0.96,Mid,0.0,4.0,38,743.0,Mid
uI_51Sl2rk4,bts popat 😂 #bts #funny #shorts,2024-06-03,38.0,0:00:15,41.87,41.88,0.0,0.0,489,2.1616,3,437,2.06,Low,0.0,0.0,31,754.0,Low
qhk86CksTBs,Friendly @devikagupta029 Roast 😜,2025-08-08,60.0,0:00:31,41.84,52.74,0.0,0.0,2451,9.2033,0,2684,8.76,Mid,0.0,4.0,32,323.0,Mid
08uBZtl58X0,family vloger roast 😂 (part-3) #shorts,2024-10-21,29.0,0:00:12,41.75,44.16,0.0,0.0,433,1.5135,0,1054,1.61,Low,0.0,0.0,38,614.0,Low
trO0EVD7c2Q,Why People Hate BTS,2025-03-23,42.0,0:00:25,41.71,60.47,0.0,0.0,1176,7.9379,0,1335,1.72,Mid,0.0,6.0,19,461.0,Mid
aebpRozN5k8,Kha Liya 🤣,2025-12-19,35.0,0:00:21,41.67,62.79,0.0,0.0,38,0.1003,0,7,14.29,Low,0.0,4.0,10,190.0,Low
EUFX6U75nAo,Day-2 Iphone Madness In India #30dayschallenge,2025-07-07,45.0,0:00:19,41.63,44.2,0.0,0.0,785,1.9693,0,152,9.87,Mid,0.0,0.0,46,355.0,Mid
Suj4v5zNdbI,carry vs ajaz khan Roast 😱,2024-07-08,35.0,0:00:21,41.5,61.06,0.0,0.0,753,4.4476,2,909,0.88,Mid,0.0,0.0,26,719.0,Mid
cO4EVqynzk8,Potato thief 😱 #shorts #comedy,2024-11-02,47.0,0:00:23,41.24,50.47,0.0,0.0,670,4.4145,3,986,2.33,Low,0.0,5.0,30,602.0,Low
yOW-oo-wzoM,Badmashi In Dubai,2025-04-04,35.0,0:00:17,41.19,49.64,0.0,0.0,1173,2.4711,0,1286,0.93,Mid,0.0,4.0,17,449.0,Mid
TCW-K3DFzAw,shubh ka baap 😂 #funny #comedy,2024-10-27,46.0,0:00:19,41.15,42.72,0.0,0.0,423,2.3091,1,548,1.82,Low,0.0,6.0,30,608.0,Low
0AoBh2VzZ50,food vloger of india 😂,2024-06-28,21.0,0:00:14,41.03,67.48,0.0,0.0,892,3.5114,3,461,3.47,Mid,0.0,4.0,22,729.0,Mid
fC8lZbA9QcU,Pawan Singh Rise Or Fall 😂,2025-09-18,32.0,0:00:18,41.01,57.66,0.0,0.0,1414,3.0743,1,2721,0.88,Mid,0.0,3.0,26,282.0,Mid
AI1BhMW8vjE,RAHUL GANDHI MEME MATERIAI OR ? #shorts #shortsfeed #reaction,2023-11-29,32.0,0:00:20,41.0,57.89,0.0,0.0,1116,6.0905,2,1332,2.85,Mid,0.0,2.0,61,941.0,Mid
IeuKgWRHQLQ,ladko ki dushman 😂 #shorts #viral,2024-06-15,37.0,0:00:20,40.81,51.68,0.0,0.0,776,4.4083,1,614,1.3,Mid,0.0,5.0,33,742.0,Mid
BW06OGhuZoo,Kha gya kattar Hindu 😐   #shorts,2024-03-08,32.0,0:00:19,40.77,61.66,0.0,0.0,454,2.4884,1,365,2.19,Low,0.0,4.0,32,841.0,Low
37VbKn2WNoQ,Jeet Kaise gya 😱,2025-06-22,58.0,0:00:21,40.49,37.7,0.0,0.0,903,2.3865,1,382,3.4,Mid,0.0,6.0,16,370.0,Low
96mkb949QPU,INSTAGRAM KA  SCIENTIST 😂 #shorts,2024-01-07,31.0,0:00:17,40.33,55.89,0.0,0.0,2510,12.0261,12,1114,2.87,Mid,0.0,6.0,33,902.0,Mid
kJ3VAS8TSZM,request to ‎@souravjoshivlogs7028  #shorts,2024-11-23,34.0,0:00:18,40.27,54.43,0.0,0.0,796,4.0783,3,961,1.56,Mid,0.0,5.0,42,581.0,Mid
FDGerL2Itww,dhruv rathee ka sach😱 #viralshorts #memes #shortvideo,2024-05-22,48.0,0:00:18,40.26,38.95,0.0,0.0,432,2.2433,1,472,3.39,Low,0.0,2.0,53,766.0,Low
UA9WSKwZQ5c,Desi politicians on chandrayaan 3 || mobster manav || #shorts #politics,2023-08-25,60.0,0:00:47,40.16,79.77,0.0,0.0,1775,22.9189,1,1724,5.68,Mid,0.0,4.0,71,1037.0,Mid
vUTxHtSf0IU,Shocking Sejal Exx 😱,2025-06-07,42.0,0:00:26,39.97,63.85,0.0,0.0,12621,37.7967,12,2568,3.7,Mid,0.0,5.0,20,385.0,Mid
6w6OD9vGqgs,sandeep maheshwari ka beta 😂 #shorts,2024-09-27,27.0,0:00:16,39.81,60.65,0.0,0.0,633,2.8795,1,944,2.44,Low,0.0,4.0,36,638.0,Low
uG7WKIVpozE,cringe vloger 😂 #rooast,2024-10-21,29.0,0:00:12,39.74,44.13,0.0,0.0,426,1.5145,0,513,0.39,Low,0.0,0.0,23,614.0,Low
MYv02zKLFxo,Nibba Nibbi roast 😂#short,2024-03-12,48.0,0:00:32,39.04,68.38,0.0,0.0,4690,42.694,6,1535,1.95,Mid,0.0,1.0,25,837.0,Mid
l3LsnAoRe3M,rajat roast 😂 #shorts,2024-10-12,28.0,0:00:12,38.92,45.66,0.0,0.0,455,1.6158,0,568,2.64,Low,0.0,5.0,21,623.0,Low
FLVrHeu0sCI,Badmash chacha👽 #shorts #roast  #funny,2024-04-21,25.0,0:00:13,38.57,54.68,0.0,0.0,297,1.1278,1,408,4.17,Low,0.0,6.0,38,797.0,Low
zm3FKc0VbIU,samay raina controversy #shorts,2025-02-13,42.0,0:00:17,38.37,41.42,0.0,0.0,547,2.5823,0,610,1.15,Low,0.0,3.0,31,499.0,Low
n_K4t3D3XG4,JJ Communication Reality 😱,2025-03-11,32.0,0:00:23,38.25,73.27,0.0,0.0,1793,10.2205,4,3534,2.91,Mid,0.0,1.0,26,473.0,Mid
QMX-b_PbMEQ,SCAM MARKETING 😱#shorts #funny,2024-02-17,54.0,0:00:26,37.9,49.57,0.0,0.0,499,3.7102,5,878,3.19,Low,0.0,5.0,30,861.0,Low
gSTqFysDBQA,Rebel Kid Comeback,2025-04-10,59.0,0:00:23,37.83,39.98,0.0,0.0,2191,5.8021,0,1191,2.02,Mid,0.0,3.0,18,443.0,Mid
pDp_rcRKZ2o,Systumm hai 💀 #viral,2024-03-22,29.0,0:00:14,37.65,48.51,0.0,0.0,451,1.7623,1,290,4.14,Low,0.0,4.0,20,827.0,Low
Ocrx5qGBHm4,popat ho gya 😂 #shorts #funny,2024-10-31,44.0,0:00:19,37.29,45.05,0.0,0.0,465,2.5602,1,818,1.71,Low,0.0,3.0,29,604.0,Low
rbnFpzZKDUY,Bad News For Hindu,2025-04-23,38.0,0:00:18,37.1,49.66,0.0,0.0,144,0.2815,1,1039,1.15,Low,0.0,2.0,18,430.0,Low
yxUazFNfjis,elvish in jail 😱 #viral #elvishyadav,2024-03-21,51.0,0:00:21,36.91,42.45,0.0,0.0,492,2.9586,0,515,2.14,Low,0.0,3.0,36,828.0,Low
3DTWdxXQYQE,Daru se itna pyaar! 😂,2024-10-05,34.0,0:00:18,36.88,54.11,0.0,0.0,462,2.3609,0,600,2.0,Low,0.0,5.0,21,630.0,Low
 -XPcZMFc_fs,Elvish yadav ke drivers 😱#shorts #roast,2024-04-28,58.0,0:00:23,36.68,40.74,0.0,0.0,694,4.5305,4,1209,3.06,Low,0.0,6.0,39,790.0,Mid
bJV3DbErGas,sejal ka bhai 😂 #comedy,2024-11-17,25.0,0:00:16,36.48,67.55,0.0,0.0,1171,5.4698,0,1224,1.14,Mid,0.0,6.0,23,587.0,Mid
barMIs3eoMY,raja vlog😡 #rajavlogs #funny #shorts,2024-02-25,51.0,0:00:19,36.4,38.02,0.0,0.0,372,2.0035,2,970,2.16,Low,0.0,6.0,36,853.0,Low
UwTg8p5E5Gg,government these days #indiagotlatent #samayraina,2025-02-13,42.0,0:00:14,36.03,35.11,0.0,0.0,543,2.1755,2,638,1.25,Low,0.0,3.0,49,499.0,Low
9bMhtLR6L9w,Kajal Arman Collab 🤔,2025-06-26,53.0,0:00:22,35.79,42.93,0.0,0.0,2493,6.1419,2,2684,6.33,Mid,0.0,3.0,20,366.0,Mid
K9w9hxN5wio,Fake Instagram Millionaires  #comedygenre #funny #roast,2025-02-22,57.0,0:00:23,35.68,40.77,0.0,0.0,455,2.8156,0,848,0.59,Low,0.0,5.0,55,490.0,Low
 -veO_rt5e1k,Saiyaara Craze is Getting Out of Universe 😩,2025-07-30,53.0,0:00:19,35.51,36.45,0.0,0.0,2037,4.1991,1,2516,1.55,Mid,0.0,2.0,43,332.0,Mid
WQ71_Ls-RwQ,best singer of Pakistan 😂#shorts #roast,2024-04-23,56.0,0:00:25,35.48,45.09,0.0,0.0,2486,17.3561,6,913,2.52,Mid,0.0,1.0,39,795.0,Mid
OSIhmHsGMgU,rajat dalal in bigg boss roast 😂 #shorts,2024-10-09,32.0,0:00:15,35.27,48.77,0.0,0.0,551,2.3886,0,584,3.77,Low,0.0,2.0,40,626.0,Low
nKq-78T0yjo,mumbai road #shorts,2024-09-08,16.0,0:00:13,34.96,85.76,0.0,0.0,537,2.0469,0,41,19.51,Low,0.0,6.0,19,657.0,Low
